user_id,tariff,month,minutes_spent,messages_sent,gb_used,minutes_included,messages_included,mb_per_month_included,rub_per_minute,rub_per_message,rub_per_gb,rub_monthly_fee,city,revenue
1000,ultra,5,159,22,3,3000,1000,30720,1,1,150,1950,Краснодар,1950.0
1000,ultra,6,172,60,23,3000,1000,30720,1,1,150,1950,Краснодар,1950.0
1000,ultra,7,340,75,14,3000,1000,30720,1,1,150,1950,Краснодар,1950.0
1000,ultra,8,408,81,14,3000,1000,30720,1,1,150,1950,Краснодар,1950.0
1000,ultra,9,466,57,15,3000,1000,30720,1,1,150,1950,Краснодар,1950.0
1000,ultra,10,350,73,15,3000,1000,30720,1,1,150,1950,Краснодар,1950.0
1000,ultra,11,338,58,15,3000,1000,30720,1,1,150,1950,Краснодар,1950.0
1000,ultra,12,333,70,10,3000,1000,30720,1,1,150,1950,Краснодар,1950.0
1001,smart,11,430,0,18,500,50,15360,3,3,200,550,Москва,1150.0
1001,smart,12,414,0,14,500,50,15360,3,3,200,550,Москва,550.0
1002,smart,6,117,4,11,500,50,15360,3,3,200,550,Стерлитамак,550.0
1002,smart,7,214,11,18,500,50,15360,3,3,200,550,Стерлитамак,1150.0
1002,smart,8,289,13,20,500,50,15360,3,3,200,550,Стерлитамак,1550.0
1002,smart,9,206,4,17,500,50,15360,3,3,200,550,Стерлитамак,950.0
1002,smart,10,212,10,14,500,50,15360,3,3,200,550,Стерлитамак,550.0
1002,smart,11,243,16,19,500,50,15360,3,3,200,550,Стерлитамак,1350.0
1002,smart,12,236,12,18,500,50,15360,3,3,200,550,Стерлитамак,1150.0
1003,ultra,8,380,37,9,3000,1000,30720,1,1,150,1950,Москва,1950.0
1003,ultra,9,961,91,13,3000,1000,30720,1,1,150,1950,Москва,1950.0
1003,ultra,10,855,83,15,3000,1000,30720,1,1,150,1950,Москва,1950.0
1003,ultra,11,824,94,12,3000,1000,30720,1,1,150,1950,Москва,1950.0
1003,ultra,12,802,75,10,3000,1000,30720,1,1,150,1950,Москва,1950.0
1004,ultra,5,35,95,14,3000,1000,30720,1,1,150,1950,Новокузнецк,1950.0
1004,ultra,6,171,134,18,3000,1000,30720,1,1,150,1950,Новокузнецк,1950.0
1004,ultra,7,135,181,22,3000,1000,30720,1,1,150,1950,Новокузнецк,1950.0
1004,ultra,8,137,151,28,3000,1000,30720,1,1,150,1950,Новокузнецк,1950.0
1004,ultra,9,117,146,15,3000,1000,30720,1,1,150,1950,Новокузнецк,1950.0
1004,ultra,10,145,165,19,3000,1000,30720,1,1,150,1950,Новокузнецк,1950.0
1004,ultra,11,117,158,16,3000,1000,30720,1,1,150,1950,Новокузнецк,1950.0
1004,ultra,12,130,162,18,3000,1000,30720,1,1,150,1950,Новокузнецк,1950.0
1005,smart,1,95,7,3,500,50,15360,3,3,200,550,Набережные Челны,550.0
1005,smart,2,456,38,8,500,50,15360,3,3,200,550,Набережные Челны,550.0
1005,smart,3,606,56,11,500,50,15360,3,3,200,550,Набережные Челны,886.0
1005,smart,4,712,41,10,500,50,15360,3,3,200,550,Набережные Челны,1186.0
1005,smart,5,595,42,8,500,50,15360,3,3,200,550,Набережные Челны,835.0
1005,smart,6,612,47,10,500,50,15360,3,3,200,550,Набережные Челны,886.0
1005,smart,7,569,56,8,500,50,15360,3,3,200,550,Набережные Челны,775.0
1005,smart,8,619,64,8,500,50,15360,3,3,200,550,Набережные Челны,949.0
1005,smart,9,479,52,7,500,50,15360,3,3,200,550,Набережные Челны,556.0
1005,smart,10,723,44,8,500,50,15360,3,3,200,550,Набережные Челны,1219.0
1005,smart,11,547,51,13,500,50,15360,3,3,200,550,Набережные Челны,694.0
1005,smart,12,592,54,9,500,50,15360,3,3,200,550,Набережные Челны,838.0
1006,smart,2,42,0,2,500,50,15360,3,3,200,550,Ульяновск,550.0
1006,smart,3,286,0,17,500,50,15360,3,3,200,550,Ульяновск,950.0
1006,smart,4,356,0,14,500,50,15360,3,3,200,550,Ульяновск,550.0
1006,smart,5,370,0,13,500,50,15360,3,3,200,550,Ульяновск,550.0
1006,smart,6,478,0,13,500,50,15360,3,3,200,550,Ульяновск,550.0
1006,smart,7,316,0,20,500,50,15360,3,3,200,550,Ульяновск,1550.0
1006,smart,8,275,0,19,500,50,15360,3,3,200,550,Ульяновск,1350.0
1006,smart,9,360,0,16,500,50,15360,3,3,200,550,Ульяновск,750.0
1006,smart,10,267,0,20,500,50,15360,3,3,200,550,Ульяновск,1550.0
1006,smart,11,372,0,13,500,50,15360,3,3,200,550,Ульяновск,550.0
1006,smart,12,379,0,19,500,50,15360,3,3,200,550,Ульяновск,1350.0
1007,smart,4,198,11,8,500,50,15360,3,3,200,550,Москва,550.0
1007,smart,5,480,39,18,500,50,15360,3,3,200,550,Москва,1150.0
1007,smart,6,545,26,14,500,50,15360,3,3,200,550,Москва,685.0
1007,smart,7,577,26,16,500,50,15360,3,3,200,550,Москва,981.0
1007,smart,8,458,27,21,500,50,15360,3,3,200,550,Москва,1750.0
1007,smart,9,655,31,13,500,50,15360,3,3,200,550,Москва,1015.0
1007,smart,10,465,18,15,500,50,15360,3,3,200,550,Москва,550.0
1007,smart,11,580,21,16,500,50,15360,3,3,200,550,Москва,990.0
1007,smart,12,421,26,13,500,50,15360,3,3,200,550,Москва,550.0
1008,smart,12,339,56,13,500,50,15360,3,3,200,550,Челябинск,568.0
1009,smart,3,109,2,8,500,50,15360,3,3,200,550,Пермь,550.0
1009,smart,4,324,14,15,500,50,15360,3,3,200,550,Пермь,550.0
1009,smart,5,170,7,14,500,50,15360,3,3,200,550,Пермь,550.0
1009,smart,6,289,14,16,500,50,15360,3,3,200,550,Пермь,750.0
1009,smart,7,183,14,25,500,50,15360,3,3,200,550,Пермь,2550.0
1009,smart,8,249,9,24,500,50,15360,3,3,200,550,Пермь,2350.0
1009,smart,9,133,12,22,500,50,15360,3,3,200,550,Пермь,1950.0
1009,smart,10,213,15,20,500,50,15360,3,3,200,550,Пермь,1550.0
1009,smart,11,290,11,17,500,50,15360,3,3,200,550,Пермь,950.0
1009,smart,12,229,12,19,500,50,15360,3,3,200,550,Пермь,1350.0
1010,smart,8,142,0,15,500,50,15360,3,3,200,550,Тюмень,550.0
1010,smart,9,142,0,16,500,50,15360,3,3,200,550,Тюмень,750.0
1010,smart,10,245,0,15,500,50,15360,3,3,200,550,Тюмень,550.0
1010,smart,11,290,0,19,500,50,15360,3,3,200,550,Тюмень,1350.0
1010,smart,12,336,0,19,500,50,15360,3,3,200,550,Тюмень,1350.0
1011,smart,3,212,4,6,500,50,15360,3,3,200,550,Самара,550.0
1011,smart,4,371,7,18,500,50,15360,3,3,200,550,Самара,1150.0
1011,smart,5,437,13,18,500,50,15360,3,3,200,550,Самара,1150.0
1011,smart,6,327,13,17,500,50,15360,3,3,200,550,Самара,950.0
1011,smart,7,502,13,19,500,50,15360,3,3,200,550,Самара,1356.0
1011,smart,8,515,15,21,500,50,15360,3,3,200,550,Самара,1795.0
1011,smart,9,472,10,22,500,50,15360,3,3,200,550,Самара,1950.0
1011,smart,10,630,17,18,500,50,15360,3,3,200,550,Самара,1540.0
1011,smart,11,501,12,25,500,50,15360,3,3,200,550,Самара,2553.0
1011,smart,12,361,6,23,500,50,15360,3,3,200,550,Самара,2150.0
1012,smart,3,13,2,3,500,50,15360,3,3,200,550,Санкт-Петербург,550.0
1012,smart,4,345,21,17,500,50,15360,3,3,200,550,Санкт-Петербург,950.0
1012,smart,5,316,10,26,500,50,15360,3,3,200,550,Санкт-Петербург,2750.0
1012,smart,6,219,15,25,500,50,15360,3,3,200,550,Санкт-Петербург,2550.0
1012,smart,7,223,12,23,500,50,15360,3,3,200,550,Санкт-Петербург,2150.0
1012,smart,8,157,23,22,500,50,15360,3,3,200,550,Санкт-Петербург,1950.0
1012,smart,9,230,14,19,500,50,15360,3,3,200,550,Санкт-Петербург,1350.0
1012,smart,10,451,13,29,500,50,15360,3,3,200,550,Санкт-Петербург,3350.0
1012,smart,11,206,25,22,500,50,15360,3,3,200,550,Санкт-Петербург,1950.0
1012,smart,12,356,15,14,500,50,15360,3,3,200,550,Санкт-Петербург,550.0
1013,ultra,11,369,17,10,3000,1000,30720,1,1,150,1950,Иваново,1950.0
1013,ultra,12,567,25,21,3000,1000,30720,1,1,150,1950,Иваново,1950.0
1014,smart,5,102,34,13,500,50,15360,3,3,200,550,Чебоксары,550.0
1014,smart,6,180,48,25,500,50,15360,3,3,200,550,Чебоксары,2550.0
1014,smart,7,300,39,28,500,50,15360,3,3,200,550,Чебоксары,3150.0
1014,smart,8,241,43,26,500,50,15360,3,3,200,550,Чебоксары,2750.0
1014,smart,9,250,48,26,500,50,15360,3,3,200,550,Чебоксары,2750.0
1014,smart,10,332,51,23,500,50,15360,3,3,200,550,Чебоксары,2153.0
1014,smart,11,237,36,25,500,50,15360,3,3,200,550,Чебоксары,2550.0
1014,smart,12,175,53,25,500,50,15360,3,3,200,550,Чебоксары,2559.0
1015,smart,4,11,3,1,500,50,15360,3,3,200,550,Челябинск,550.0
1015,smart,5,401,73,17,500,50,15360,3,3,200,550,Челябинск,1019.0
1015,smart,6,430,80,27,500,50,15360,3,3,200,550,Челябинск,3040.0
1015,smart,7,556,90,20,500,50,15360,3,3,200,550,Челябинск,1838.0
1015,smart,8,394,68,27,500,50,15360,3,3,200,550,Челябинск,3004.0
1015,smart,9,486,68,17,500,50,15360,3,3,200,550,Челябинск,1004.0
1015,smart,10,577,68,17,500,50,15360,3,3,200,550,Челябинск,1235.0
1015,smart,11,454,61,22,500,50,15360,3,3,200,550,Челябинск,1983.0
1015,smart,12,499,74,20,500,50,15360,3,3,200,550,Челябинск,1622.0
1016,ultra,11,28,39,8,3000,1000,30720,1,1,150,1950,Омск,1950.0
1016,ultra,12,94,103,19,3000,1000,30720,1,1,150,1950,Омск,1950.0
1017,smart,5,111,0,6,500,50,15360,3,3,200,550,Краснодар,550.0
1017,smart,6,341,0,17,500,50,15360,3,3,200,550,Краснодар,950.0
1017,smart,7,461,0,19,500,50,15360,3,3,200,550,Краснодар,1350.0
1017,smart,8,389,0,17,500,50,15360,3,3,200,550,Краснодар,950.0
1017,smart,9,366,0,18,500,50,15360,3,3,200,550,Краснодар,1150.0
1017,smart,10,329,0,21,500,50,15360,3,3,200,550,Краснодар,1750.0
1017,smart,11,463,0,21,500,50,15360,3,3,200,550,Краснодар,1750.0
1017,smart,12,444,0,16,500,50,15360,3,3,200,550,Краснодар,750.0
1018,ultra,4,636,34,6,3000,1000,30720,1,1,150,1950,Уфа,1950.0
1018,ultra,5,507,30,5,3000,1000,30720,1,1,150,1950,Уфа,1950.0
1018,ultra,6,679,24,12,3000,1000,30720,1,1,150,1950,Уфа,1950.0
1018,ultra,7,760,25,7,3000,1000,30720,1,1,150,1950,Уфа,1950.0
1018,ultra,8,929,20,9,3000,1000,30720,1,1,150,1950,Уфа,1950.0
1018,ultra,9,520,21,8,3000,1000,30720,1,1,150,1950,Уфа,1950.0
1018,ultra,10,503,26,8,3000,1000,30720,1,1,150,1950,Уфа,1950.0
1018,ultra,11,685,17,5,3000,1000,30720,1,1,150,1950,Уфа,1950.0
1018,ultra,12,839,37,6,3000,1000,30720,1,1,150,1950,Уфа,1950.0
1019,ultra,5,300,21,11,3000,1000,30720,1,1,150,1950,Томск,1950.0
1019,ultra,6,386,25,22,3000,1000,30720,1,1,150,1950,Томск,1950.0
1019,ultra,7,453,16,18,3000,1000,30720,1,1,150,1950,Томск,1950.0
1019,ultra,8,360,19,28,3000,1000,30720,1,1,150,1950,Томск,1950.0
1019,ultra,9,519,21,16,3000,1000,30720,1,1,150,1950,Томск,1950.0
1019,ultra,10,95,8,1,3000,1000,30720,1,1,150,1950,Томск,1950.0
1020,smart,10,239,5,5,500,50,15360,3,3,200,550,Чита,550.0
1020,smart,11,674,24,18,500,50,15360,3,3,200,550,Чита,1672.0
1020,smart,12,340,9,10,500,50,15360,3,3,200,550,Чита,550.0
1021,ultra,4,90,13,5,3000,1000,30720,1,1,150,1950,Краснодар,1950.0
1021,ultra,5,989,101,16,3000,1000,30720,1,1,150,1950,Краснодар,1950.0
1021,ultra,6,948,101,22,3000,1000,30720,1,1,150,1950,Краснодар,1950.0
1021,ultra,7,1197,103,20,3000,1000,30720,1,1,150,1950,Краснодар,1950.0
1021,ultra,8,1000,93,18,3000,1000,30720,1,1,150,1950,Краснодар,1950.0
1021,ultra,9,1115,113,18,3000,1000,30720,1,1,150,1950,Краснодар,1950.0
1021,ultra,10,1024,106,20,3000,1000,30720,1,1,150,1950,Краснодар,1950.0
1021,ultra,11,993,94,28,3000,1000,30720,1,1,150,1950,Краснодар,1950.0
1021,ultra,12,962,77,27,3000,1000,30720,1,1,150,1950,Краснодар,1950.0
1022,smart,12,267,10,16,500,50,15360,3,3,200,550,Санкт-Петербург,750.0
1023,smart,10,156,16,7,500,50,15360,3,3,200,550,Томск,550.0
1023,smart,11,512,46,17,500,50,15360,3,3,200,550,Томск,986.0
1023,smart,12,557,49,28,500,50,15360,3,3,200,550,Томск,3321.0
1024,ultra,10,79,0,4,3000,1000,30720,1,1,150,1950,Санкт-Петербург,1950.0
1024,ultra,11,1146,0,43,3000,1000,30720,1,1,150,1950,Санкт-Петербург,3900.0
1024,ultra,12,949,0,36,3000,1000,30720,1,1,150,1950,Санкт-Петербург,2850.0
1025,smart,3,323,14,8,500,50,15360,3,3,200,550,Уфа,550.0
1025,smart,4,464,27,11,500,50,15360,3,3,200,550,Уфа,550.0
1025,smart,5,552,27,21,500,50,15360,3,3,200,550,Уфа,1906.0
1025,smart,6,548,29,13,500,50,15360,3,3,200,550,Уфа,694.0
1025,smart,7,577,40,12,500,50,15360,3,3,200,550,Уфа,781.0
1025,smart,8,444,28,18,500,50,15360,3,3,200,550,Уфа,1150.0
1025,smart,9,514,16,10,500,50,15360,3,3,200,550,Уфа,592.0
1025,smart,10,653,43,15,500,50,15360,3,3,200,550,Уфа,1009.0
1025,smart,11,563,35,15,500,50,15360,3,3,200,550,Уфа,739.0
1025,smart,12,503,41,17,500,50,15360,3,3,200,550,Уфа,959.0
1026,smart,10,535,39,14,500,50,15360,3,3,200,550,Мурманск,655.0
1026,smart,11,469,48,12,500,50,15360,3,3,200,550,Мурманск,550.0
1026,smart,12,531,57,17,500,50,15360,3,3,200,550,Мурманск,1064.0
1027,smart,4,379,8,12,500,50,15360,3,3,200,550,Петрозаводск,550.0
1027,smart,5,623,22,25,500,50,15360,3,3,200,550,Петрозаводск,2919.0
1027,smart,6,441,14,15,500,50,15360,3,3,200,550,Петрозаводск,550.0
1027,smart,7,477,21,20,500,50,15360,3,3,200,550,Петрозаводск,1550.0
1027,smart,8,474,23,25,500,50,15360,3,3,200,550,Петрозаводск,2550.0
1027,smart,9,388,10,19,500,50,15360,3,3,200,550,Петрозаводск,1350.0
1027,smart,10,373,13,22,500,50,15360,3,3,200,550,Петрозаводск,1950.0
1027,smart,11,348,9,25,500,50,15360,3,3,200,550,Петрозаводск,2550.0
1027,smart,12,516,15,22,500,50,15360,3,3,200,550,Петрозаводск,1998.0
1028,ultra,10,954,223,22,3000,1000,30720,1,1,150,1950,Тверь,1950.0
1028,ultra,11,1021,182,18,3000,1000,30720,1,1,150,1950,Тверь,1950.0
1028,ultra,12,1189,171,16,3000,1000,30720,1,1,150,1950,Тверь,1950.0
1029,smart,9,422,24,6,500,50,15360,3,3,200,550,Екатеринбург,550.0
1029,smart,10,609,62,22,500,50,15360,3,3,200,550,Екатеринбург,2313.0
1029,smart,11,679,38,15,500,50,15360,3,3,200,550,Екатеринбург,1087.0
1029,smart,12,891,44,15,500,50,15360,3,3,200,550,Екатеринбург,1723.0
1030,smart,5,109,17,6,500,50,15360,3,3,200,550,Махачкала,550.0
1030,smart,6,313,106,10,500,50,15360,3,3,200,550,Махачкала,718.0
1030,smart,7,328,101,13,500,50,15360,3,3,200,550,Махачкала,703.0
1030,smart,8,426,97,12,500,50,15360,3,3,200,550,Махачкала,691.0
1030,smart,9,439,93,12,500,50,15360,3,3,200,550,Махачкала,679.0
1030,smart,10,345,91,14,500,50,15360,3,3,200,550,Махачкала,673.0
1030,smart,11,413,91,19,500,50,15360,3,3,200,550,Махачкала,1473.0
1030,smart,12,393,92,13,500,50,15360,3,3,200,550,Махачкала,676.0
1031,smart,11,665,25,12,500,50,15360,3,3,200,550,Москва,1045.0
1031,smart,12,562,27,10,500,50,15360,3,3,200,550,Москва,736.0
1032,smart,1,380,38,24,500,50,15360,3,3,200,550,Ульяновск,2350.0
1032,smart,2,371,36,13,500,50,15360,3,3,200,550,Ульяновск,550.0
1032,smart,3,487,41,25,500,50,15360,3,3,200,550,Ульяновск,2550.0
1032,smart,4,521,30,17,500,50,15360,3,3,200,550,Ульяновск,1013.0
1032,smart,5,512,28,17,500,50,15360,3,3,200,550,Ульяновск,986.0
1032,smart,6,402,33,19,500,50,15360,3,3,200,550,Ульяновск,1350.0
1032,smart,7,415,31,20,500,50,15360,3,3,200,550,Ульяновск,1550.0
1032,smart,8,446,47,25,500,50,15360,3,3,200,550,Ульяновск,2550.0
1032,smart,9,507,35,18,500,50,15360,3,3,200,550,Ульяновск,1171.0
1032,smart,10,385,35,15,500,50,15360,3,3,200,550,Ульяновск,550.0
1032,smart,11,410,30,23,500,50,15360,3,3,200,550,Ульяновск,2150.0
1032,smart,12,482,36,18,500,50,15360,3,3,200,550,Ульяновск,1150.0
1033,smart,7,311,36,12,500,50,15360,3,3,200,550,Москва,550.0
1033,smart,8,345,77,22,500,50,15360,3,3,200,550,Москва,2031.0
1033,smart,9,411,77,26,500,50,15360,3,3,200,550,Москва,2831.0
1033,smart,10,375,80,20,500,50,15360,3,3,200,550,Москва,1640.0
1033,smart,11,425,72,25,500,50,15360,3,3,200,550,Москва,2616.0
1033,smart,12,231,72,21,500,50,15360,3,3,200,550,Москва,1816.0
1034,smart,8,170,6,3,500,50,15360,3,3,200,550,Вологда,550.0
1034,smart,9,730,37,17,500,50,15360,3,3,200,550,Вологда,1640.0
1034,smart,10,549,33,20,500,50,15360,3,3,200,550,Вологда,1697.0
1034,smart,11,350,26,11,500,50,15360,3,3,200,550,Вологда,550.0
1035,smart,4,398,50,13,500,50,15360,3,3,200,550,Тюмень,550.0
1035,smart,5,608,54,15,500,50,15360,3,3,200,550,Тюмень,886.0
1035,smart,6,427,51,11,500,50,15360,3,3,200,550,Тюмень,553.0
1035,smart,7,493,63,14,500,50,15360,3,3,200,550,Тюмень,589.0
1035,smart,8,494,54,12,500,50,15360,3,3,200,550,Тюмень,562.0
1035,smart,9,420,50,16,500,50,15360,3,3,200,550,Тюмень,750.0
1035,smart,10,250,53,19,500,50,15360,3,3,200,550,Тюмень,1359.0
1035,smart,11,303,51,12,500,50,15360,3,3,200,550,Тюмень,553.0
1035,smart,12,467,51,12,500,50,15360,3,3,200,550,Тюмень,553.0
1036,smart,7,285,1,9,500,50,15360,3,3,200,550,Санкт-Петербург,550.0
1036,smart,8,554,3,17,500,50,15360,3,3,200,550,Санкт-Петербург,1112.0
1036,smart,9,430,5,16,500,50,15360,3,3,200,550,Санкт-Петербург,750.0
1036,smart,10,530,3,16,500,50,15360,3,3,200,550,Санкт-Петербург,840.0
1036,smart,11,424,0,15,500,50,15360,3,3,200,550,Санкт-Петербург,550.0
1036,smart,12,669,0,15,500,50,15360,3,3,200,550,Санкт-Петербург,1057.0
1037,smart,10,304,16,11,500,50,15360,3,3,200,550,Череповец,550.0
1037,smart,11,341,18,13,500,50,15360,3,3,200,550,Череповец,550.0
1037,smart,12,408,26,12,500,50,15360,3,3,200,550,Череповец,550.0
1038,smart,10,342,7,17,500,50,15360,3,3,200,550,Москва,950.0
1038,smart,11,272,10,15,500,50,15360,3,3,200,550,Москва,550.0
1038,smart,12,344,13,17,500,50,15360,3,3,200,550,Москва,950.0
1039,ultra,6,156,62,7,3000,1000,30720,1,1,150,1950,Ярославль,1950.0
1039,ultra,7,433,136,22,3000,1000,30720,1,1,150,1950,Ярославль,1950.0
1039,ultra,8,398,119,25,3000,1000,30720,1,1,150,1950,Ярославль,1950.0
1039,ultra,9,600,130,25,3000,1000,30720,1,1,150,1950,Ярославль,1950.0
1039,ultra,10,576,140,24,3000,1000,30720,1,1,150,1950,Ярославль,1950.0
1039,ultra,11,541,137,21,3000,1000,30720,1,1,150,1950,Ярославль,1950.0
1039,ultra,12,542,109,20,3000,1000,30720,1,1,150,1950,Ярославль,1950.0
1040,smart,6,207,0,16,500,50,15360,3,3,200,550,Сочи,750.0
1040,smart,7,357,0,19,500,50,15360,3,3,200,550,Сочи,1350.0
1040,smart,8,348,0,22,500,50,15360,3,3,200,550,Сочи,1950.0
1040,smart,9,254,0,16,500,50,15360,3,3,200,550,Сочи,750.0
1040,smart,10,287,0,25,500,50,15360,3,3,200,550,Сочи,2550.0
1040,smart,11,437,0,20,500,50,15360,3,3,200,550,Сочи,1550.0
1040,smart,12,379,0,17,500,50,15360,3,3,200,550,Сочи,950.0
1041,smart,11,12,0,3,500,50,15360,3,3,200,550,Москва,550.0
1041,smart,12,861,26,23,500,50,15360,3,3,200,550,Москва,3233.0
1042,smart,11,133,15,7,500,50,15360,3,3,200,550,Хабаровск,550.0
1042,smart,12,728,75,37,500,50,15360,3,3,200,550,Хабаровск,5709.0
1043,smart,7,252,6,15,500,50,15360,3,3,200,550,Ставрополь,550.0
1043,smart,8,297,8,19,500,50,15360,3,3,200,550,Ставрополь,1350.0
1043,smart,9,295,9,27,500,50,15360,3,3,200,550,Ставрополь,2950.0
1043,smart,10,512,10,23,500,50,15360,3,3,200,550,Ставрополь,2186.0
1043,smart,11,403,9,18,500,50,15360,3,3,200,550,Ставрополь,1150.0
1043,smart,12,537,6,20,500,50,15360,3,3,200,550,Ставрополь,1661.0
1044,smart,5,246,3,16,500,50,15360,3,3,200,550,Рязань,750.0
1044,smart,6,308,12,18,500,50,15360,3,3,200,550,Рязань,1150.0
1044,smart,7,254,6,24,500,50,15360,3,3,200,550,Рязань,2350.0
1044,smart,8,385,5,20,500,50,15360,3,3,200,550,Рязань,1550.0
1044,smart,9,390,12,21,500,50,15360,3,3,200,550,Рязань,1750.0
1044,smart,10,338,16,15,500,50,15360,3,3,200,550,Рязань,550.0
1044,smart,11,369,16,17,500,50,15360,3,3,200,550,Рязань,950.0
1044,smart,12,364,10,22,500,50,15360,3,3,200,550,Рязань,1950.0
1045,smart,1,9,5,3,500,50,15360,3,3,200,550,Улан-Удэ,550.0
1045,smart,2,189,49,15,500,50,15360,3,3,200,550,Улан-Удэ,550.0
1045,smart,3,229,58,14,500,50,15360,3,3,200,550,Улан-Удэ,574.0
1045,smart,4,219,52,19,500,50,15360,3,3,200,550,Улан-Удэ,1356.0
1045,smart,5,290,55,22,500,50,15360,3,3,200,550,Улан-Удэ,1965.0
1045,smart,6,229,65,17,500,50,15360,3,3,200,550,Улан-Удэ,995.0
1045,smart,7,185,57,17,500,50,15360,3,3,200,550,Улан-Удэ,971.0
1045,smart,8,222,63,23,500,50,15360,3,3,200,550,Улан-Удэ,2189.0
1045,smart,9,299,52,16,500,50,15360,3,3,200,550,Улан-Удэ,756.0
1045,smart,10,285,48,14,500,50,15360,3,3,200,550,Улан-Удэ,550.0
1045,smart,11,273,71,23,500,50,15360,3,3,200,550,Улан-Удэ,2213.0
1045,smart,12,256,49,19,500,50,15360,3,3,200,550,Улан-Удэ,1350.0
1046,smart,8,228,13,8,500,50,15360,3,3,200,550,Тула,550.0
1046,smart,9,504,34,16,500,50,15360,3,3,200,550,Тула,762.0
1046,smart,10,443,37,24,500,50,15360,3,3,200,550,Тула,2350.0
1046,smart,11,545,33,21,500,50,15360,3,3,200,550,Тула,1885.0
1046,smart,12,555,48,22,500,50,15360,3,3,200,550,Тула,2115.0
1047,smart,10,109,5,2,500,50,15360,3,3,200,550,Саратов,550.0
1047,smart,11,762,66,26,500,50,15360,3,3,200,550,Саратов,3584.0
1047,smart,12,822,73,27,500,50,15360,3,3,200,550,Саратов,3985.0
1048,ultra,8,271,36,8,3000,1000,30720,1,1,150,1950,Новокузнецк,1950.0
1048,ultra,9,834,81,8,3000,1000,30720,1,1,150,1950,Новокузнецк,1950.0
1048,ultra,10,641,99,8,3000,1000,30720,1,1,150,1950,Новокузнецк,1950.0
1048,ultra,11,813,101,9,3000,1000,30720,1,1,150,1950,Новокузнецк,1950.0
1048,ultra,12,688,78,8,3000,1000,30720,1,1,150,1950,Новокузнецк,1950.0
1049,ultra,3,403,0,7,3000,1000,30720,1,1,150,1950,Москва,1950.0
1049,ultra,4,528,0,6,3000,1000,30720,1,1,150,1950,Москва,1950.0
1049,ultra,5,525,0,10,3000,1000,30720,1,1,150,1950,Москва,1950.0
1049,ultra,6,520,0,8,3000,1000,30720,1,1,150,1950,Москва,1950.0
1049,ultra,7,653,0,9,3000,1000,30720,1,1,150,1950,Москва,1950.0
1049,ultra,8,506,0,9,3000,1000,30720,1,1,150,1950,Москва,1950.0
1049,ultra,9,671,0,10,3000,1000,30720,1,1,150,1950,Москва,1950.0
1049,ultra,10,586,0,4,3000,1000,30720,1,1,150,1950,Москва,1950.0
1049,ultra,11,666,0,13,3000,1000,30720,1,1,150,1950,Москва,1950.0
1049,ultra,12,822,0,8,3000,1000,30720,1,1,150,1950,Москва,1950.0
1050,ultra,6,94,25,10,3000,1000,30720,1,1,150,1950,Тюмень,1950.0
1050,ultra,7,209,52,35,3000,1000,30720,1,1,150,1950,Тюмень,2700.0
1050,ultra,8,320,52,25,3000,1000,30720,1,1,150,1950,Тюмень,1950.0
1050,ultra,9,225,33,30,3000,1000,30720,1,1,150,1950,Тюмень,1950.0
1050,ultra,10,50,2,1,3000,1000,30720,1,1,150,1950,Тюмень,1950.0
1051,smart,5,59,0,2,500,50,15360,3,3,200,550,Москва,550.0
1051,smart,6,517,3,14,500,50,15360,3,3,200,550,Москва,601.0
1051,smart,7,348,3,21,500,50,15360,3,3,200,550,Москва,1750.0
1051,smart,8,398,3,23,500,50,15360,3,3,200,550,Москва,2150.0
1051,smart,9,311,6,14,500,50,15360,3,3,200,550,Москва,550.0
1051,smart,10,123,0,10,500,50,15360,3,3,200,550,Москва,550.0
1052,smart,7,98,19,3,500,50,15360,3,3,200,550,Санкт-Петербург,550.0
1052,smart,8,706,111,18,500,50,15360,3,3,200,550,Санкт-Петербург,1951.0
1052,smart,9,816,80,21,500,50,15360,3,3,200,550,Санкт-Петербург,2788.0
1052,smart,10,906,104,16,500,50,15360,3,3,200,550,Санкт-Петербург,2130.0
1052,smart,11,682,106,20,500,50,15360,3,3,200,550,Санкт-Петербург,2264.0
1052,smart,12,859,96,13,500,50,15360,3,3,200,550,Санкт-Петербург,1765.0
1053,ultra,9,1,0,1,3000,1000,30720,1,1,150,1950,Ростов-на-Дону,1950.0
1053,ultra,10,640,0,21,3000,1000,30720,1,1,150,1950,Ростов-на-Дону,1950.0
1053,ultra,11,783,0,15,3000,1000,30720,1,1,150,1950,Ростов-на-Дону,1950.0
1053,ultra,12,722,0,16,3000,1000,30720,1,1,150,1950,Ростов-на-Дону,1950.0
1054,smart,3,237,28,11,500,50,15360,3,3,200,550,Омск,550.0
1054,smart,4,564,54,17,500,50,15360,3,3,200,550,Омск,1154.0
1054,smart,5,737,55,16,500,50,15360,3,3,200,550,Омск,1476.0
1054,smart,6,527,69,19,500,50,15360,3,3,200,550,Омск,1488.0
1054,smart,7,627,77,18,500,50,15360,3,3,200,550,Омск,1612.0
1054,smart,8,605,53,16,500,50,15360,3,3,200,550,Омск,1074.0
1054,smart,9,672,65,19,500,50,15360,3,3,200,550,Омск,1911.0
1054,smart,10,708,65,20,500,50,15360,3,3,200,550,Омск,2219.0
1054,smart,11,654,62,16,500,50,15360,3,3,200,550,Омск,1248.0
1054,smart,12,595,62,19,500,50,15360,3,3,200,550,Омск,1671.0
1055,smart,1,551,30,17,500,50,15360,3,3,200,550,Казань,1103.0
1055,smart,2,440,25,15,500,50,15360,3,3,200,550,Казань,550.0
1055,smart,3,558,29,16,500,50,15360,3,3,200,550,Казань,924.0
1055,smart,4,391,31,16,500,50,15360,3,3,200,550,Казань,750.0
1055,smart,5,449,32,18,500,50,15360,3,3,200,550,Казань,1150.0
1055,smart,6,518,34,22,500,50,15360,3,3,200,550,Казань,2004.0
1055,smart,7,445,36,19,500,50,15360,3,3,200,550,Казань,1350.0
1055,smart,8,380,31,16,500,50,15360,3,3,200,550,Казань,750.0
1055,smart,9,465,31,19,500,50,15360,3,3,200,550,Казань,1350.0
1055,smart,10,347,28,17,500,50,15360,3,3,200,550,Казань,950.0
1055,smart,11,314,38,21,500,50,15360,3,3,200,550,Казань,1750.0
1055,smart,12,597,39,23,500,50,15360,3,3,200,550,Казань,2441.0
1056,smart,4,193,23,7,500,50,15360,3,3,200,550,Иркутск,550.0
1056,smart,5,462,49,18,500,50,15360,3,3,200,550,Иркутск,1150.0
1056,smart,6,382,34,12,500,50,15360,3,3,200,550,Иркутск,550.0
1056,smart,7,425,39,15,500,50,15360,3,3,200,550,Иркутск,550.0
1056,smart,8,300,40,17,500,50,15360,3,3,200,550,Иркутск,950.0
1056,smart,9,338,39,21,500,50,15360,3,3,200,550,Иркутск,1750.0
1056,smart,10,140,16,9,500,50,15360,3,3,200,550,Иркутск,550.0
1057,ultra,3,581,20,10,3000,1000,30720,1,1,150,1950,Москва,1950.0
1057,ultra,4,858,21,21,3000,1000,30720,1,1,150,1950,Москва,1950.0
1057,ultra,5,677,26,20,3000,1000,30720,1,1,150,1950,Москва,1950.0
1057,ultra,6,820,27,22,3000,1000,30720,1,1,150,1950,Москва,1950.0
1057,ultra,7,781,29,17,3000,1000,30720,1,1,150,1950,Москва,1950.0
1057,ultra,8,726,19,15,3000,1000,30720,1,1,150,1950,Москва,1950.0
1057,ultra,9,905,22,21,3000,1000,30720,1,1,150,1950,Москва,1950.0
1057,ultra,10,960,28,14,3000,1000,30720,1,1,150,1950,Москва,1950.0
1057,ultra,11,643,30,20,3000,1000,30720,1,1,150,1950,Москва,1950.0
1057,ultra,12,837,28,22,3000,1000,30720,1,1,150,1950,Москва,1950.0
1058,smart,10,557,19,18,500,50,15360,3,3,200,550,Вологда,1321.0
1058,smart,11,720,27,20,500,50,15360,3,3,200,550,Вологда,2210.0
1058,smart,12,701,29,17,500,50,15360,3,3,200,550,Вологда,1553.0
1059,smart,4,330,6,9,500,50,15360,3,3,200,550,Курск,550.0
1059,smart,5,671,23,21,500,50,15360,3,3,200,550,Курск,2263.0
1059,smart,6,705,26,23,500,50,15360,3,3,200,550,Курск,2765.0
1059,smart,7,627,22,16,500,50,15360,3,3,200,550,Курск,1131.0
1059,smart,8,721,19,23,500,50,15360,3,3,200,550,Курск,2813.0
1059,smart,9,724,17,17,500,50,15360,3,3,200,550,Курск,1622.0
1059,smart,10,566,22,21,500,50,15360,3,3,200,550,Курск,1948.0
1059,smart,11,586,24,19,500,50,15360,3,3,200,550,Курск,1608.0
1059,smart,12,726,21,19,500,50,15360,3,3,200,550,Курск,2028.0
1060,ultra,11,371,12,13,3000,1000,30720,1,1,150,1950,Калуга,1950.0
1060,ultra,12,1233,52,43,3000,1000,30720,1,1,150,1950,Калуга,3900.0
1061,smart,7,309,6,10,500,50,15360,3,3,200,550,Санкт-Петербург,550.0
1061,smart,8,639,12,22,500,50,15360,3,3,200,550,Санкт-Петербург,2367.0
1061,smart,9,563,8,19,500,50,15360,3,3,200,550,Санкт-Петербург,1539.0
1061,smart,10,588,9,17,500,50,15360,3,3,200,550,Санкт-Петербург,1214.0
1061,smart,11,768,8,18,500,50,15360,3,3,200,550,Санкт-Петербург,1954.0
1061,smart,12,481,17,21,500,50,15360,3,3,200,550,Санкт-Петербург,1750.0
1062,smart,11,405,14,7,500,50,15360,3,3,200,550,Москва,550.0
1062,smart,12,290,12,5,500,50,15360,3,3,200,550,Москва,550.0
1063,ultra,4,581,0,17,3000,1000,30720,1,1,150,1950,Тула,1950.0
1063,ultra,5,716,0,22,3000,1000,30720,1,1,150,1950,Тула,1950.0
1063,ultra,6,815,0,21,3000,1000,30720,1,1,150,1950,Тула,1950.0
1063,ultra,7,852,0,20,3000,1000,30720,1,1,150,1950,Тула,1950.0
1063,ultra,8,864,0,14,3000,1000,30720,1,1,150,1950,Тула,1950.0
1063,ultra,9,820,0,26,3000,1000,30720,1,1,150,1950,Тула,1950.0
1063,ultra,10,985,0,14,3000,1000,30720,1,1,150,1950,Тула,1950.0
1063,ultra,11,896,0,15,3000,1000,30720,1,1,150,1950,Тула,1950.0
1063,ultra,12,231,0,6,3000,1000,30720,1,1,150,1950,Тула,1950.0
1064,smart,3,166,26,7,500,50,15360,3,3,200,550,Якутск,550.0
1064,smart,4,363,33,18,500,50,15360,3,3,200,550,Якутск,1150.0
1064,smart,5,437,39,25,500,50,15360,3,3,200,550,Якутск,2550.0
1064,smart,6,326,40,19,500,50,15360,3,3,200,550,Якутск,1350.0
1064,smart,7,313,37,21,500,50,15360,3,3,200,550,Якутск,1750.0
1064,smart,8,402,31,24,500,50,15360,3,3,200,550,Якутск,2350.0
1064,smart,9,479,33,14,500,50,15360,3,3,200,550,Якутск,550.0
1064,smart,10,277,46,22,500,50,15360,3,3,200,550,Якутск,1950.0
1064,smart,11,479,40,15,500,50,15360,3,3,200,550,Якутск,550.0
1064,smart,12,337,26,20,500,50,15360,3,3,200,550,Якутск,1550.0
1065,smart,3,480,52,20,500,50,15360,3,3,200,550,Москва,1556.0
1065,smart,4,501,66,25,500,50,15360,3,3,200,550,Москва,2601.0
1065,smart,5,561,64,28,500,50,15360,3,3,200,550,Москва,3375.0
1065,smart,6,415,70,23,500,50,15360,3,3,200,550,Москва,2210.0
1065,smart,7,450,69,21,500,50,15360,3,3,200,550,Москва,1807.0
1065,smart,8,573,62,24,500,50,15360,3,3,200,550,Москва,2605.0
1065,smart,9,507,58,28,500,50,15360,3,3,200,550,Москва,3195.0
1065,smart,10,539,79,21,500,50,15360,3,3,200,550,Москва,1954.0
1065,smart,11,522,56,23,500,50,15360,3,3,200,550,Москва,2234.0
1065,smart,12,134,18,6,500,50,15360,3,3,200,550,Москва,550.0
1066,smart,6,184,14,5,500,50,15360,3,3,200,550,Астрахань,550.0
1066,smart,7,715,48,21,500,50,15360,3,3,200,550,Астрахань,2395.0
1066,smart,8,587,46,31,500,50,15360,3,3,200,550,Астрахань,4011.0
1066,smart,9,673,45,15,500,50,15360,3,3,200,550,Астрахань,1069.0
1066,smart,10,539,52,16,500,50,15360,3,3,200,550,Астрахань,873.0
1066,smart,11,685,49,18,500,50,15360,3,3,200,550,Астрахань,1705.0
1066,smart,12,448,54,24,500,50,15360,3,3,200,550,Астрахань,2362.0
1067,smart,4,387,47,10,500,50,15360,3,3,200,550,Москва,550.0
1067,smart,5,480,73,15,500,50,15360,3,3,200,550,Москва,619.0
1067,smart,6,633,59,12,500,50,15360,3,3,200,550,Москва,976.0
1067,smart,7,383,63,6,500,50,15360,3,3,200,550,Москва,589.0
1067,smart,8,386,50,14,500,50,15360,3,3,200,550,Москва,550.0
1067,smart,9,554,47,13,500,50,15360,3,3,200,550,Москва,712.0
1067,smart,10,491,64,13,500,50,15360,3,3,200,550,Москва,592.0
1067,smart,11,477,68,13,500,50,15360,3,3,200,550,Москва,604.0
1067,smart,12,390,78,13,500,50,15360,3,3,200,550,Москва,634.0
1068,smart,7,312,13,13,500,50,15360,3,3,200,550,Москва,550.0
1068,smart,8,622,19,25,500,50,15360,3,3,200,550,Москва,2916.0
1068,smart,9,564,21,21,500,50,15360,3,3,200,550,Москва,1942.0
1068,smart,10,575,28,28,500,50,15360,3,3,200,550,Москва,3375.0
1068,smart,11,433,28,25,500,50,15360,3,3,200,550,Москва,2550.0
1068,smart,12,516,29,16,500,50,15360,3,3,200,550,Москва,798.0
1069,smart,12,349,56,12,500,50,15360,3,3,200,550,Екатеринбург,568.0
1070,smart,8,187,13,17,500,50,15360,3,3,200,550,Химки,950.0
1070,smart,9,514,8,11,500,50,15360,3,3,200,550,Химки,592.0
1070,smart,10,252,16,13,500,50,15360,3,3,200,550,Химки,550.0
1070,smart,11,380,11,11,500,50,15360,3,3,200,550,Химки,550.0
1070,smart,12,280,12,12,500,50,15360,3,3,200,550,Химки,550.0
1071,smart,1,194,16,16,500,50,15360,3,3,200,550,Омск,750.0
1071,smart,2,401,19,15,500,50,15360,3,3,200,550,Омск,550.0
1071,smart,3,283,15,16,500,50,15360,3,3,200,550,Омск,750.0
1071,smart,4,321,16,17,500,50,15360,3,3,200,550,Омск,950.0
1071,smart,5,365,8,15,500,50,15360,3,3,200,550,Омск,550.0
1071,smart,6,313,23,19,500,50,15360,3,3,200,550,Омск,1350.0
1071,smart,7,281,17,22,500,50,15360,3,3,200,550,Омск,1950.0
1071,smart,8,229,19,14,500,50,15360,3,3,200,550,Омск,550.0
1072,smart,2,137,5,5,500,50,15360,3,3,200,550,Уфа,550.0
1072,smart,3,338,24,21,500,50,15360,3,3,200,550,Уфа,1750.0
1072,smart,4,554,24,25,500,50,15360,3,3,200,550,Уфа,2712.0
1072,smart,5,342,20,29,500,50,15360,3,3,200,550,Уфа,3350.0
1072,smart,6,281,22,20,500,50,15360,3,3,200,550,Уфа,1550.0
1072,smart,7,617,19,22,500,50,15360,3,3,200,550,Уфа,2301.0
1072,smart,8,439,24,28,500,50,15360,3,3,200,550,Уфа,3150.0
1072,smart,9,601,20,26,500,50,15360,3,3,200,550,Уфа,3053.0
1072,smart,10,517,16,23,500,50,15360,3,3,200,550,Уфа,2201.0
1072,smart,11,494,25,22,500,50,15360,3,3,200,550,Уфа,1950.0
1072,smart,12,385,21,30,500,50,15360,3,3,200,550,Уфа,3550.0
1073,smart,10,461,34,17,500,50,15360,3,3,200,550,Владикавказ,950.0
1073,smart,11,334,29,13,500,50,15360,3,3,200,550,Владикавказ,550.0
1073,smart,12,533,27,16,500,50,15360,3,3,200,550,Владикавказ,849.0
1074,smart,12,580,3,22,500,50,15360,3,3,200,550,Якутск,2190.0
1075,smart,11,466,15,18,500,50,15360,3,3,200,550,Екатеринбург,1150.0
1075,smart,12,532,21,17,500,50,15360,3,3,200,550,Екатеринбург,1046.0
1076,smart,3,297,73,16,500,50,15360,3,3,200,550,Уфа,819.0
1076,smart,4,447,80,16,500,50,15360,3,3,200,550,Уфа,840.0
1076,smart,5,490,102,22,500,50,15360,3,3,200,550,Уфа,2106.0
1076,smart,6,475,86,21,500,50,15360,3,3,200,550,Уфа,1858.0
1076,smart,7,529,108,27,500,50,15360,3,3,200,550,Уфа,3211.0
1076,smart,8,528,97,21,500,50,15360,3,3,200,550,Уфа,1975.0
1076,smart,9,524,84,20,500,50,15360,3,3,200,550,Уфа,1724.0
1076,smart,10,598,96,21,500,50,15360,3,3,200,550,Уфа,2182.0
1076,smart,11,541,93,14,500,50,15360,3,3,200,550,Уфа,802.0
1076,smart,12,567,71,21,500,50,15360,3,3,200,550,Уфа,2014.0
1077,smart,10,205,13,3,500,50,15360,3,3,200,550,Москва,550.0
1077,smart,11,686,36,19,500,50,15360,3,3,200,550,Москва,1908.0
1077,smart,12,784,32,24,500,50,15360,3,3,200,550,Москва,3202.0
1078,ultra,6,445,0,13,3000,1000,30720,1,1,150,1950,Волгоград,1950.0
1078,ultra,7,1075,0,22,3000,1000,30720,1,1,150,1950,Волгоград,1950.0
1078,ultra,8,960,0,22,3000,1000,30720,1,1,150,1950,Волгоград,1950.0
1078,ultra,9,1101,0,23,3000,1000,30720,1,1,150,1950,Волгоград,1950.0
1078,ultra,10,1061,0,26,3000,1000,30720,1,1,150,1950,Волгоград,1950.0
1078,ultra,11,1109,0,24,3000,1000,30720,1,1,150,1950,Волгоград,1950.0
1078,ultra,12,1273,0,26,3000,1000,30720,1,1,150,1950,Волгоград,1950.0
1079,smart,5,162,16,9,500,50,15360,3,3,200,550,Москва,550.0
1079,smart,6,607,33,12,500,50,15360,3,3,200,550,Москва,871.0
1079,smart,7,592,30,11,500,50,15360,3,3,200,550,Москва,826.0
1079,smart,8,653,27,13,500,50,15360,3,3,200,550,Москва,1009.0
1079,smart,9,603,33,9,500,50,15360,3,3,200,550,Москва,859.0
1079,smart,10,345,25,13,500,50,15360,3,3,200,550,Москва,550.0
1079,smart,11,560,33,8,500,50,15360,3,3,200,550,Москва,730.0
1079,smart,12,578,35,11,500,50,15360,3,3,200,550,Москва,784.0
1080,ultra,8,476,57,5,3000,1000,30720,1,1,150,1950,Москва,1950.0
1080,ultra,9,951,53,3,3000,1000,30720,1,1,150,1950,Москва,1950.0
1080,ultra,10,811,60,6,3000,1000,30720,1,1,150,1950,Москва,1950.0
1080,ultra,11,654,64,6,3000,1000,30720,1,1,150,1950,Москва,1950.0
1080,ultra,12,904,71,5,3000,1000,30720,1,1,150,1950,Москва,1950.0
1081,ultra,3,151,6,6,3000,1000,30720,1,1,150,1950,Москва,1950.0
1081,ultra,4,687,28,18,3000,1000,30720,1,1,150,1950,Москва,1950.0
1081,ultra,5,701,18,19,3000,1000,30720,1,1,150,1950,Москва,1950.0
1081,ultra,6,618,19,25,3000,1000,30720,1,1,150,1950,Москва,1950.0
1081,ultra,7,700,18,14,3000,1000,30720,1,1,150,1950,Москва,1950.0
1081,ultra,8,678,17,18,3000,1000,30720,1,1,150,1950,Москва,1950.0
1081,ultra,9,519,27,14,3000,1000,30720,1,1,150,1950,Москва,1950.0
1081,ultra,10,533,30,14,3000,1000,30720,1,1,150,1950,Москва,1950.0
1081,ultra,11,649,17,17,3000,1000,30720,1,1,150,1950,Москва,1950.0
1081,ultra,12,504,20,19,3000,1000,30720,1,1,150,1950,Москва,1950.0
1082,smart,10,303,73,11,500,50,15360,3,3,200,550,Москва,619.0
1082,smart,11,108,72,17,500,50,15360,3,3,200,550,Москва,1016.0
1082,smart,12,267,107,11,500,50,15360,3,3,200,550,Москва,721.0
1083,smart,4,122,6,5,500,50,15360,3,3,200,550,Сочи,550.0
1083,smart,5,480,44,18,500,50,15360,3,3,200,550,Сочи,1150.0
1083,smart,6,542,54,20,500,50,15360,3,3,200,550,Сочи,1688.0
1083,smart,7,414,47,17,500,50,15360,3,3,200,550,Сочи,950.0
1083,smart,8,505,45,19,500,50,15360,3,3,200,550,Сочи,1365.0
1083,smart,9,548,54,17,500,50,15360,3,3,200,550,Сочи,1106.0
1083,smart,10,549,48,18,500,50,15360,3,3,200,550,Сочи,1297.0
1083,smart,11,610,56,19,500,50,15360,3,3,200,550,Сочи,1698.0
1083,smart,12,455,51,16,500,50,15360,3,3,200,550,Сочи,753.0
1084,ultra,12,501,98,30,3000,1000,30720,1,1,150,1950,Саранск,1950.0
1085,ultra,6,95,0,9,3000,1000,30720,1,1,150,1950,Омск,1950.0
1085,ultra,7,195,0,9,3000,1000,30720,1,1,150,1950,Омск,1950.0
1085,ultra,8,244,0,12,3000,1000,30720,1,1,150,1950,Омск,1950.0
1085,ultra,9,120,0,10,3000,1000,30720,1,1,150,1950,Омск,1950.0
1085,ultra,10,254,0,16,3000,1000,30720,1,1,150,1950,Омск,1950.0
1085,ultra,11,172,0,14,3000,1000,30720,1,1,150,1950,Омск,1950.0
1085,ultra,12,100,0,16,3000,1000,30720,1,1,150,1950,Омск,1950.0
1086,smart,4,95,6,3,500,50,15360,3,3,200,550,Волгоград,550.0
1086,smart,5,436,28,17,500,50,15360,3,3,200,550,Волгоград,950.0
1086,smart,6,467,23,25,500,50,15360,3,3,200,550,Волгоград,2550.0
1086,smart,7,529,41,16,500,50,15360,3,3,200,550,Волгоград,837.0
1086,smart,8,566,43,16,500,50,15360,3,3,200,550,Волгоград,948.0
1086,smart,9,509,30,13,500,50,15360,3,3,200,550,Волгоград,577.0
1086,smart,10,561,52,14,500,50,15360,3,3,200,550,Волгоград,739.0
1086,smart,11,510,36,20,500,50,15360,3,3,200,550,Волгоград,1580.0
1086,smart,12,510,29,20,500,50,15360,3,3,200,550,Волгоград,1580.0
1087,smart,10,477,32,15,500,50,15360,3,3,200,550,Санкт-Петербург,550.0
1087,smart,11,328,38,16,500,50,15360,3,3,200,550,Санкт-Петербург,750.0
1087,smart,12,349,38,16,500,50,15360,3,3,200,550,Санкт-Петербург,750.0
1088,smart,6,309,33,11,500,50,15360,3,3,200,550,Казань,550.0
1088,smart,7,326,38,14,500,50,15360,3,3,200,550,Казань,550.0
1088,smart,8,427,49,17,500,50,15360,3,3,200,550,Казань,950.0
1088,smart,9,277,50,15,500,50,15360,3,3,200,550,Казань,550.0
1088,smart,10,385,41,22,500,50,15360,3,3,200,550,Казань,1950.0
1088,smart,11,364,37,15,500,50,15360,3,3,200,550,Казань,550.0
1088,smart,12,344,39,17,500,50,15360,3,3,200,550,Казань,950.0
1089,ultra,2,5,27,3,3000,1000,30720,1,1,150,1950,Иркутск,1950.0
1089,ultra,3,626,155,18,3000,1000,30720,1,1,150,1950,Иркутск,1950.0
1089,ultra,4,387,130,17,3000,1000,30720,1,1,150,1950,Иркутск,1950.0
1089,ultra,5,465,148,19,3000,1000,30720,1,1,150,1950,Иркутск,1950.0
1089,ultra,6,415,146,15,3000,1000,30720,1,1,150,1950,Иркутск,1950.0
1089,ultra,7,417,152,16,3000,1000,30720,1,1,150,1950,Иркутск,1950.0
1089,ultra,8,466,126,17,3000,1000,30720,1,1,150,1950,Иркутск,1950.0
1089,ultra,9,477,137,11,3000,1000,30720,1,1,150,1950,Иркутск,1950.0
1089,ultra,10,523,128,21,3000,1000,30720,1,1,150,1950,Иркутск,1950.0
1089,ultra,11,544,116,17,3000,1000,30720,1,1,150,1950,Иркутск,1950.0
1089,ultra,12,470,143,16,3000,1000,30720,1,1,150,1950,Иркутск,1950.0
1090,ultra,10,510,14,14,3000,1000,30720,1,1,150,1950,Череповец,1950.0
1090,ultra,11,596,28,22,3000,1000,30720,1,1,150,1950,Череповец,1950.0
1090,ultra,12,48,0,1,3000,1000,30720,1,1,150,1950,Череповец,1950.0
1091,ultra,5,0,30,11,3000,1000,30720,1,1,150,1950,Набережные Челны,1950.0
1091,ultra,6,0,30,10,3000,1000,30720,1,1,150,1950,Набережные Челны,1950.0
1091,ultra,7,0,35,17,3000,1000,30720,1,1,150,1950,Набережные Челны,1950.0
1091,ultra,8,0,31,13,3000,1000,30720,1,1,150,1950,Набережные Челны,1950.0
1091,ultra,9,0,32,17,3000,1000,30720,1,1,150,1950,Набережные Челны,1950.0
1091,ultra,10,0,44,16,3000,1000,30720,1,1,150,1950,Набережные Челны,1950.0
1091,ultra,11,0,28,12,3000,1000,30720,1,1,150,1950,Набережные Челны,1950.0
1091,ultra,12,0,42,13,3000,1000,30720,1,1,150,1950,Набережные Челны,1950.0
1092,smart,6,212,22,8,500,50,15360,3,3,200,550,Ижевск,550.0
1092,smart,7,421,63,25,500,50,15360,3,3,200,550,Ижевск,2589.0
1092,smart,8,411,78,17,500,50,15360,3,3,200,550,Ижевск,1034.0
1092,smart,9,258,56,24,500,50,15360,3,3,200,550,Ижевск,2368.0
1092,smart,10,470,51,24,500,50,15360,3,3,200,550,Ижевск,2353.0
1092,smart,11,439,70,26,500,50,15360,3,3,200,550,Ижевск,2810.0
1092,smart,12,295,59,25,500,50,15360,3,3,200,550,Ижевск,2577.0
1093,smart,6,59,6,1,500,50,15360,3,3,200,550,Санкт-Петербург,550.0
1093,smart,7,600,85,16,500,50,15360,3,3,200,550,Санкт-Петербург,1155.0
1093,smart,8,856,69,18,500,50,15360,3,3,200,550,Санкт-Петербург,2275.0
1093,smart,9,825,72,13,500,50,15360,3,3,200,550,Санкт-Петербург,1591.0
1093,smart,10,789,79,21,500,50,15360,3,3,200,550,Санкт-Петербург,2704.0
1093,smart,11,843,76,19,500,50,15360,3,3,200,550,Санкт-Петербург,2457.0
1093,smart,12,930,47,24,500,50,15360,3,3,200,550,Санкт-Петербург,3640.0
1094,ultra,5,107,3,0,3000,1000,30720,1,1,150,1950,Новосибирск,1950.0
1094,ultra,6,684,31,18,3000,1000,30720,1,1,150,1950,Новосибирск,1950.0
1094,ultra,7,784,21,19,3000,1000,30720,1,1,150,1950,Новосибирск,1950.0
1094,ultra,8,617,23,21,3000,1000,30720,1,1,150,1950,Новосибирск,1950.0
1094,ultra,9,717,18,22,3000,1000,30720,1,1,150,1950,Новосибирск,1950.0
1094,ultra,10,868,28,18,3000,1000,30720,1,1,150,1950,Новосибирск,1950.0
1094,ultra,11,839,17,24,3000,1000,30720,1,1,150,1950,Новосибирск,1950.0
1094,ultra,12,752,27,22,3000,1000,30720,1,1,150,1950,Новосибирск,1950.0
1095,smart,12,540,0,18,500,50,15360,3,3,200,550,Новосибирск,1270.0
1096,ultra,4,416,73,14,3000,1000,30720,1,1,150,1950,Брянск,1950.0
1096,ultra,5,306,81,7,3000,1000,30720,1,1,150,1950,Брянск,1950.0
1096,ultra,6,350,81,12,3000,1000,30720,1,1,150,1950,Брянск,1950.0
1096,ultra,7,301,100,14,3000,1000,30720,1,1,150,1950,Брянск,1950.0
1096,ultra,8,369,102,4,3000,1000,30720,1,1,150,1950,Брянск,1950.0
1096,ultra,9,368,79,12,3000,1000,30720,1,1,150,1950,Брянск,1950.0
1096,ultra,10,311,98,14,3000,1000,30720,1,1,150,1950,Брянск,1950.0
1096,ultra,11,389,84,10,3000,1000,30720,1,1,150,1950,Брянск,1950.0
1096,ultra,12,365,67,12,3000,1000,30720,1,1,150,1950,Брянск,1950.0
1097,ultra,6,134,9,4,3000,1000,30720,1,1,150,1950,Краснодар,1950.0
1097,ultra,7,656,31,9,3000,1000,30720,1,1,150,1950,Краснодар,1950.0
1097,ultra,8,500,28,9,3000,1000,30720,1,1,150,1950,Краснодар,1950.0
1097,ultra,9,429,29,14,3000,1000,30720,1,1,150,1950,Краснодар,1950.0
1097,ultra,10,645,38,9,3000,1000,30720,1,1,150,1950,Краснодар,1950.0
1097,ultra,11,774,28,11,3000,1000,30720,1,1,150,1950,Краснодар,1950.0
1097,ultra,12,498,33,10,3000,1000,30720,1,1,150,1950,Краснодар,1950.0
1098,smart,6,101,5,9,500,50,15360,3,3,200,550,Челябинск,550.0
1098,smart,7,493,7,21,500,50,15360,3,3,200,550,Челябинск,1750.0
1098,smart,8,431,25,31,500,50,15360,3,3,200,550,Челябинск,3750.0
1098,smart,9,456,22,25,500,50,15360,3,3,200,550,Челябинск,2550.0
1098,smart,10,595,16,21,500,50,15360,3,3,200,550,Челябинск,2035.0
1098,smart,11,540,23,21,500,50,15360,3,3,200,550,Челябинск,1870.0
1098,smart,12,588,14,36,500,50,15360,3,3,200,550,Челябинск,5014.0
1099,ultra,3,445,20,4,3000,1000,30720,1,1,150,1950,Тольятти,1950.0
1099,ultra,4,675,57,11,3000,1000,30720,1,1,150,1950,Тольятти,1950.0
1099,ultra,5,675,57,17,3000,1000,30720,1,1,150,1950,Тольятти,1950.0
1099,ultra,6,683,38,18,3000,1000,30720,1,1,150,1950,Тольятти,1950.0
1099,ultra,7,668,31,19,3000,1000,30720,1,1,150,1950,Тольятти,1950.0
1099,ultra,8,724,47,15,3000,1000,30720,1,1,150,1950,Тольятти,1950.0
1099,ultra,9,624,55,16,3000,1000,30720,1,1,150,1950,Тольятти,1950.0
1099,ultra,10,440,56,16,3000,1000,30720,1,1,150,1950,Тольятти,1950.0
1099,ultra,11,579,43,17,3000,1000,30720,1,1,150,1950,Тольятти,1950.0
1099,ultra,12,640,46,17,3000,1000,30720,1,1,150,1950,Тольятти,1950.0
1100,smart,7,529,53,18,500,50,15360,3,3,200,550,Санкт-Петербург,1246.0
1100,smart,8,637,60,16,500,50,15360,3,3,200,550,Санкт-Петербург,1191.0
1100,smart,9,461,49,16,500,50,15360,3,3,200,550,Санкт-Петербург,750.0
1100,smart,10,553,56,12,500,50,15360,3,3,200,550,Санкт-Петербург,727.0
1100,smart,11,530,49,17,500,50,15360,3,3,200,550,Санкт-Петербург,1040.0
1100,smart,12,578,63,11,500,50,15360,3,3,200,550,Санкт-Петербург,823.0
1101,smart,5,198,0,4,500,50,15360,3,3,200,550,Казань,550.0
1101,smart,6,544,0,11,500,50,15360,3,3,200,550,Казань,682.0
1101,smart,7,535,0,9,500,50,15360,3,3,200,550,Казань,655.0
1101,smart,8,538,0,13,500,50,15360,3,3,200,550,Казань,664.0
1101,smart,9,575,0,9,500,50,15360,3,3,200,550,Казань,775.0
1101,smart,10,530,0,14,500,50,15360,3,3,200,550,Казань,640.0
1101,smart,11,617,0,10,500,50,15360,3,3,200,550,Казань,901.0
1101,smart,12,723,0,9,500,50,15360,3,3,200,550,Казань,1219.0
1102,smart,6,278,13,9,500,50,15360,3,3,200,550,Москва,550.0
1102,smart,7,538,40,21,500,50,15360,3,3,200,550,Москва,1864.0
1102,smart,8,423,28,19,500,50,15360,3,3,200,550,Москва,1350.0
1102,smart,9,568,34,21,500,50,15360,3,3,200,550,Москва,1954.0
1102,smart,10,540,31,19,500,50,15360,3,3,200,550,Москва,1470.0
1102,smart,11,362,34,21,500,50,15360,3,3,200,550,Москва,1750.0
1102,smart,12,606,30,22,500,50,15360,3,3,200,550,Москва,2268.0
1103,smart,12,448,25,14,500,50,15360,3,3,200,550,Екатеринбург,550.0
1104,ultra,2,157,18,2,3000,1000,30720,1,1,150,1950,Нижний Тагил,1950.0
1104,ultra,3,331,68,17,3000,1000,30720,1,1,150,1950,Нижний Тагил,1950.0
1104,ultra,4,297,84,16,3000,1000,30720,1,1,150,1950,Нижний Тагил,1950.0
1104,ultra,5,248,79,20,3000,1000,30720,1,1,150,1950,Нижний Тагил,1950.0
1104,ultra,6,343,86,13,3000,1000,30720,1,1,150,1950,Нижний Тагил,1950.0
1104,ultra,7,382,91,17,3000,1000,30720,1,1,150,1950,Нижний Тагил,1950.0
1104,ultra,8,368,66,17,3000,1000,30720,1,1,150,1950,Нижний Тагил,1950.0
1104,ultra,9,451,85,16,3000,1000,30720,1,1,150,1950,Нижний Тагил,1950.0
1104,ultra,10,338,73,19,3000,1000,30720,1,1,150,1950,Нижний Тагил,1950.0
1104,ultra,11,420,74,20,3000,1000,30720,1,1,150,1950,Нижний Тагил,1950.0
1104,ultra,12,262,79,18,3000,1000,30720,1,1,150,1950,Нижний Тагил,1950.0
1105,smart,9,26,5,1,500,50,15360,3,3,200,550,Улан-Удэ,550.0
1105,smart,10,310,70,29,500,50,15360,3,3,200,550,Улан-Удэ,3410.0
1105,smart,11,461,79,26,500,50,15360,3,3,200,550,Улан-Удэ,2837.0
1105,smart,12,270,82,25,500,50,15360,3,3,200,550,Улан-Удэ,2646.0
1106,ultra,4,0,9,3,3000,1000,30720,1,1,150,1950,Калуга,1950.0
1106,ultra,5,0,28,17,3000,1000,30720,1,1,150,1950,Калуга,1950.0
1106,ultra,6,0,30,20,3000,1000,30720,1,1,150,1950,Калуга,1950.0
1106,ultra,7,0,24,22,3000,1000,30720,1,1,150,1950,Калуга,1950.0
1106,ultra,8,0,25,19,3000,1000,30720,1,1,150,1950,Калуга,1950.0
1106,ultra,9,0,23,22,3000,1000,30720,1,1,150,1950,Калуга,1950.0
1106,ultra,10,0,33,14,3000,1000,30720,1,1,150,1950,Калуга,1950.0
1106,ultra,11,0,29,21,3000,1000,30720,1,1,150,1950,Калуга,1950.0
1106,ultra,12,0,24,19,3000,1000,30720,1,1,150,1950,Калуга,1950.0
1107,smart,7,63,0,7,500,50,15360,3,3,200,550,Орёл,550.0
1107,smart,8,274,0,23,500,50,15360,3,3,200,550,Орёл,2150.0
1107,smart,9,352,0,12,500,50,15360,3,3,200,550,Орёл,550.0
1107,smart,10,164,0,16,500,50,15360,3,3,200,550,Орёл,750.0
1107,smart,11,224,0,22,500,50,15360,3,3,200,550,Орёл,1950.0
1107,smart,12,330,0,19,500,50,15360,3,3,200,550,Орёл,1350.0
1108,smart,11,231,25,20,500,50,15360,3,3,200,550,Москва,1550.0
1108,smart,12,324,27,19,500,50,15360,3,3,200,550,Москва,1350.0
1109,smart,2,99,0,3,500,50,15360,3,3,200,550,Санкт-Петербург,550.0
1109,smart,3,426,1,15,500,50,15360,3,3,200,550,Санкт-Петербург,550.0
1109,smart,4,485,0,12,500,50,15360,3,3,200,550,Санкт-Петербург,550.0
1109,smart,5,480,1,12,500,50,15360,3,3,200,550,Санкт-Петербург,550.0
1109,smart,6,382,0,15,500,50,15360,3,3,200,550,Санкт-Петербург,550.0
1109,smart,7,522,0,14,500,50,15360,3,3,200,550,Санкт-Петербург,616.0
1109,smart,8,504,3,17,500,50,15360,3,3,200,550,Санкт-Петербург,962.0
1109,smart,9,391,1,14,500,50,15360,3,3,200,550,Санкт-Петербург,550.0
1109,smart,10,669,1,11,500,50,15360,3,3,200,550,Санкт-Петербург,1057.0
1109,smart,11,423,2,15,500,50,15360,3,3,200,550,Санкт-Петербург,550.0
1109,smart,12,471,2,16,500,50,15360,3,3,200,550,Санкт-Петербург,750.0
1110,smart,5,366,27,15,500,50,15360,3,3,200,550,Петрозаводск,550.0
1110,smart,6,363,29,25,500,50,15360,3,3,200,550,Петрозаводск,2550.0
1110,smart,7,520,37,19,500,50,15360,3,3,200,550,Петрозаводск,1410.0
1110,smart,8,348,34,16,500,50,15360,3,3,200,550,Петрозаводск,750.0
1110,smart,9,423,30,14,500,50,15360,3,3,200,550,Петрозаводск,550.0
1110,smart,10,365,33,20,500,50,15360,3,3,200,550,Петрозаводск,1550.0
1110,smart,11,402,40,20,500,50,15360,3,3,200,550,Петрозаводск,1550.0
1110,smart,12,390,42,18,500,50,15360,3,3,200,550,Петрозаводск,1150.0
1111,smart,11,347,2,12,500,50,15360,3,3,200,550,Казань,550.0
1111,smart,12,532,4,27,500,50,15360,3,3,200,550,Казань,3046.0
1112,smart,9,466,85,14,500,50,15360,3,3,200,550,Ульяновск,655.0
1112,smart,10,549,98,14,500,50,15360,3,3,200,550,Ульяновск,841.0
1112,smart,11,431,102,14,500,50,15360,3,3,200,550,Ульяновск,706.0
1112,smart,12,544,143,22,500,50,15360,3,3,200,550,Ульяновск,2361.0
1113,smart,1,110,14,1,500,50,15360,3,3,200,550,Чита,550.0
1113,smart,2,543,39,10,500,50,15360,3,3,200,550,Чита,679.0
1113,smart,3,530,43,17,500,50,15360,3,3,200,550,Чита,1040.0
1113,smart,4,785,42,17,500,50,15360,3,3,200,550,Чита,1805.0
1113,smart,5,501,57,17,500,50,15360,3,3,200,550,Чита,974.0
1113,smart,6,628,40,8,500,50,15360,3,3,200,550,Чита,934.0
1113,smart,7,692,44,15,500,50,15360,3,3,200,550,Чита,1126.0
1113,smart,8,654,42,11,500,50,15360,3,3,200,550,Чита,1012.0
1113,smart,9,638,37,13,500,50,15360,3,3,200,550,Чита,964.0
1113,smart,10,561,42,14,500,50,15360,3,3,200,550,Чита,733.0
1113,smart,11,673,31,15,500,50,15360,3,3,200,550,Чита,1069.0
1113,smart,12,710,37,12,500,50,15360,3,3,200,550,Чита,1180.0
1114,smart,7,80,0,2,500,50,15360,3,3,200,550,Пермь,550.0
1114,smart,8,418,0,14,500,50,15360,3,3,200,550,Пермь,550.0
1114,smart,9,406,0,11,500,50,15360,3,3,200,550,Пермь,550.0
1114,smart,10,381,0,14,500,50,15360,3,3,200,550,Пермь,550.0
1114,smart,11,397,0,7,500,50,15360,3,3,200,550,Пермь,550.0
1114,smart,12,449,0,14,500,50,15360,3,3,200,550,Пермь,550.0
1115,smart,7,70,3,1,500,50,15360,3,3,200,550,Москва,550.0
1115,smart,8,628,36,10,500,50,15360,3,3,200,550,Москва,934.0
1115,smart,9,652,26,14,500,50,15360,3,3,200,550,Москва,1006.0
1115,smart,10,495,32,8,500,50,15360,3,3,200,550,Москва,550.0
1115,smart,11,437,32,11,500,50,15360,3,3,200,550,Москва,550.0
1115,smart,12,622,39,12,500,50,15360,3,3,200,550,Москва,916.0
1116,smart,4,168,0,10,500,50,15360,3,3,200,550,Петрозаводск,550.0
1116,smart,5,326,0,11,500,50,15360,3,3,200,550,Петрозаводск,550.0
1116,smart,6,370,0,14,500,50,15360,3,3,200,550,Петрозаводск,550.0
1116,smart,7,286,0,15,500,50,15360,3,3,200,550,Петрозаводск,550.0
1116,smart,8,306,0,15,500,50,15360,3,3,200,550,Петрозаводск,550.0
1116,smart,9,272,0,14,500,50,15360,3,3,200,550,Петрозаводск,550.0
1116,smart,10,366,0,12,500,50,15360,3,3,200,550,Петрозаводск,550.0
1116,smart,11,288,0,20,500,50,15360,3,3,200,550,Петрозаводск,1550.0
1116,smart,12,420,0,16,500,50,15360,3,3,200,550,Петрозаводск,750.0
1117,smart,12,282,0,12,500,50,15360,3,3,200,550,Тюмень,550.0
1118,smart,3,547,0,11,500,50,15360,3,3,200,550,Казань,691.0
1118,smart,4,752,0,14,500,50,15360,3,3,200,550,Казань,1306.0
1118,smart,5,582,0,16,500,50,15360,3,3,200,550,Казань,996.0
1118,smart,6,681,0,14,500,50,15360,3,3,200,550,Казань,1093.0
1118,smart,7,839,0,15,500,50,15360,3,3,200,550,Казань,1567.0
1118,smart,8,747,0,18,500,50,15360,3,3,200,550,Казань,1891.0
1118,smart,9,766,0,15,500,50,15360,3,3,200,550,Казань,1348.0
1118,smart,10,581,0,17,500,50,15360,3,3,200,550,Казань,1193.0
1118,smart,11,567,0,13,500,50,15360,3,3,200,550,Казань,751.0
1118,smart,12,626,0,14,500,50,15360,3,3,200,550,Казань,928.0
1119,smart,4,65,13,9,500,50,15360,3,3,200,550,Петрозаводск,550.0
1119,smart,5,171,49,21,500,50,15360,3,3,200,550,Петрозаводск,1750.0
1119,smart,6,254,47,22,500,50,15360,3,3,200,550,Петрозаводск,1950.0
1119,smart,7,277,44,20,500,50,15360,3,3,200,550,Петрозаводск,1550.0
1119,smart,8,272,51,17,500,50,15360,3,3,200,550,Петрозаводск,953.0
1119,smart,9,280,43,20,500,50,15360,3,3,200,550,Петрозаводск,1550.0
1119,smart,10,214,61,26,500,50,15360,3,3,200,550,Петрозаводск,2783.0
1119,smart,11,243,41,23,500,50,15360,3,3,200,550,Петрозаводск,2150.0
1119,smart,12,194,47,19,500,50,15360,3,3,200,550,Петрозаводск,1350.0
1120,ultra,1,55,0,1,3000,1000,30720,1,1,150,1950,Краснодар,1950.0
1120,ultra,2,162,0,5,3000,1000,30720,1,1,150,1950,Краснодар,1950.0
1120,ultra,3,279,0,13,3000,1000,30720,1,1,150,1950,Краснодар,1950.0
1120,ultra,4,273,0,11,3000,1000,30720,1,1,150,1950,Краснодар,1950.0
1120,ultra,5,311,0,17,3000,1000,30720,1,1,150,1950,Краснодар,1950.0
1120,ultra,6,345,0,12,3000,1000,30720,1,1,150,1950,Краснодар,1950.0
1120,ultra,7,317,0,14,3000,1000,30720,1,1,150,1950,Краснодар,1950.0
1120,ultra,8,304,0,8,3000,1000,30720,1,1,150,1950,Краснодар,1950.0
1120,ultra,9,266,0,10,3000,1000,30720,1,1,150,1950,Краснодар,1950.0
1120,ultra,10,371,0,6,3000,1000,30720,1,1,150,1950,Краснодар,1950.0
1120,ultra,11,310,0,13,3000,1000,30720,1,1,150,1950,Краснодар,1950.0
1120,ultra,12,264,0,8,3000,1000,30720,1,1,150,1950,Краснодар,1950.0
1121,smart,5,290,33,12,500,50,15360,3,3,200,550,Белгород,550.0
1121,smart,6,584,50,16,500,50,15360,3,3,200,550,Белгород,1002.0
1121,smart,7,509,36,14,500,50,15360,3,3,200,550,Белгород,577.0
1121,smart,8,420,29,21,500,50,15360,3,3,200,550,Белгород,1750.0
1121,smart,9,365,34,19,500,50,15360,3,3,200,550,Белгород,1350.0
1121,smart,10,513,46,13,500,50,15360,3,3,200,550,Белгород,589.0
1121,smart,11,448,29,14,500,50,15360,3,3,200,550,Белгород,550.0
1121,smart,12,531,47,15,500,50,15360,3,3,200,550,Белгород,643.0
1122,ultra,11,481,83,7,3000,1000,30720,1,1,150,1950,Воронеж,1950.0
1122,ultra,12,458,117,10,3000,1000,30720,1,1,150,1950,Воронеж,1950.0
1123,smart,3,234,6,8,500,50,15360,3,3,200,550,Краснодар,550.0
1123,smart,4,585,19,17,500,50,15360,3,3,200,550,Краснодар,1205.0
1123,smart,5,546,21,23,500,50,15360,3,3,200,550,Краснодар,2288.0
1123,smart,6,476,16,20,500,50,15360,3,3,200,550,Краснодар,1550.0
1123,smart,7,561,20,17,500,50,15360,3,3,200,550,Краснодар,1133.0
1123,smart,8,704,16,19,500,50,15360,3,3,200,550,Краснодар,1962.0
1123,smart,9,673,10,20,500,50,15360,3,3,200,550,Краснодар,2069.0
1123,smart,10,591,17,18,500,50,15360,3,3,200,550,Краснодар,1423.0
1123,smart,11,548,16,18,500,50,15360,3,3,200,550,Краснодар,1294.0
1123,smart,12,764,19,18,500,50,15360,3,3,200,550,Краснодар,1942.0
1124,ultra,9,209,32,9,3000,1000,30720,1,1,150,1950,Махачкала,1950.0
1124,ultra,10,1225,121,49,3000,1000,30720,1,1,150,1950,Махачкала,4800.0
1124,ultra,11,1127,95,36,3000,1000,30720,1,1,150,1950,Махачкала,2850.0
1124,ultra,12,1106,120,39,3000,1000,30720,1,1,150,1950,Махачкала,3300.0
1125,smart,9,332,8,13,500,50,15360,3,3,200,550,Волгоград,550.0
1125,smart,10,219,7,11,500,50,15360,3,3,200,550,Волгоград,550.0
1125,smart,11,393,7,15,500,50,15360,3,3,200,550,Волгоград,550.0
1125,smart,12,317,2,16,500,50,15360,3,3,200,550,Волгоград,750.0
1126,ultra,1,272,4,16,3000,1000,30720,1,1,150,1950,Санкт-Петербург,1950.0
1126,ultra,2,531,2,20,3000,1000,30720,1,1,150,1950,Санкт-Петербург,1950.0
1126,ultra,3,556,6,25,3000,1000,30720,1,1,150,1950,Санкт-Петербург,1950.0
1126,ultra,4,689,6,27,3000,1000,30720,1,1,150,1950,Санкт-Петербург,1950.0
1126,ultra,5,457,1,27,3000,1000,30720,1,1,150,1950,Санкт-Петербург,1950.0
1126,ultra,6,589,6,29,3000,1000,30720,1,1,150,1950,Санкт-Петербург,1950.0
1126,ultra,7,352,5,28,3000,1000,30720,1,1,150,1950,Санкт-Петербург,1950.0
1126,ultra,8,584,5,29,3000,1000,30720,1,1,150,1950,Санкт-Петербург,1950.0
1126,ultra,9,534,1,26,3000,1000,30720,1,1,150,1950,Санкт-Петербург,1950.0
1126,ultra,10,503,7,20,3000,1000,30720,1,1,150,1950,Санкт-Петербург,1950.0
1126,ultra,11,508,2,27,3000,1000,30720,1,1,150,1950,Санкт-Петербург,1950.0
1126,ultra,12,614,3,33,3000,1000,30720,1,1,150,1950,Санкт-Петербург,2400.0
1127,smart,4,189,42,10,500,50,15360,3,3,200,550,Казань,550.0
1127,smart,5,209,75,14,500,50,15360,3,3,200,550,Казань,625.0
1127,smart,6,208,87,14,500,50,15360,3,3,200,550,Казань,661.0
1127,smart,7,308,69,17,500,50,15360,3,3,200,550,Казань,1007.0
1127,smart,8,173,82,19,500,50,15360,3,3,200,550,Казань,1446.0
1127,smart,9,272,73,16,500,50,15360,3,3,200,550,Казань,819.0
1127,smart,10,249,72,14,500,50,15360,3,3,200,550,Казань,616.0
1127,smart,11,402,69,16,500,50,15360,3,3,200,550,Казань,807.0
1127,smart,12,234,79,13,500,50,15360,3,3,200,550,Казань,637.0
1129,smart,12,452,0,17,500,50,15360,3,3,200,550,Курган,950.0
1130,smart,4,389,63,15,500,50,15360,3,3,200,550,Тюмень,589.0
1130,smart,5,521,58,19,500,50,15360,3,3,200,550,Тюмень,1437.0
1130,smart,6,648,69,18,500,50,15360,3,3,200,550,Тюмень,1651.0
1130,smart,7,449,56,19,500,50,15360,3,3,200,550,Тюмень,1368.0
1130,smart,8,499,60,17,500,50,15360,3,3,200,550,Тюмень,980.0
1130,smart,9,583,64,24,500,50,15360,3,3,200,550,Тюмень,2641.0
1130,smart,10,394,61,15,500,50,15360,3,3,200,550,Тюмень,583.0
1130,smart,11,577,72,16,500,50,15360,3,3,200,550,Тюмень,1047.0
1130,smart,12,580,55,19,500,50,15360,3,3,200,550,Тюмень,1605.0
1131,smart,12,263,30,21,500,50,15360,3,3,200,550,Чита,1750.0
1132,smart,9,671,0,16,500,50,15360,3,3,200,550,Москва,1263.0
1132,smart,10,567,0,14,500,50,15360,3,3,200,550,Москва,751.0
1132,smart,11,544,0,16,500,50,15360,3,3,200,550,Москва,882.0
1132,smart,12,609,0,17,500,50,15360,3,3,200,550,Москва,1277.0
1133,smart,10,224,15,7,500,50,15360,3,3,200,550,Барнаул,550.0
1133,smart,11,690,23,13,500,50,15360,3,3,200,550,Барнаул,1120.0
1133,smart,12,648,31,15,500,50,15360,3,3,200,550,Барнаул,994.0
1134,smart,1,332,32,10,500,50,15360,3,3,200,550,Красноярск,550.0
1134,smart,2,458,47,13,500,50,15360,3,3,200,550,Красноярск,550.0
1134,smart,3,461,57,20,500,50,15360,3,3,200,550,Красноярск,1571.0
1134,smart,4,419,44,17,500,50,15360,3,3,200,550,Красноярск,950.0
1134,smart,5,385,68,14,500,50,15360,3,3,200,550,Красноярск,604.0
1134,smart,6,518,48,19,500,50,15360,3,3,200,550,Красноярск,1404.0
1134,smart,7,543,74,12,500,50,15360,3,3,200,550,Красноярск,751.0
1134,smart,8,527,66,17,500,50,15360,3,3,200,550,Красноярск,1079.0
1134,smart,9,333,62,12,500,50,15360,3,3,200,550,Красноярск,586.0
1134,smart,10,549,72,16,500,50,15360,3,3,200,550,Красноярск,963.0
1134,smart,11,596,50,16,500,50,15360,3,3,200,550,Красноярск,1038.0
1134,smart,12,468,64,16,500,50,15360,3,3,200,550,Красноярск,792.0
1135,smart,1,90,1,2,500,50,15360,3,3,200,550,Архангельск,550.0
1135,smart,2,439,24,19,500,50,15360,3,3,200,550,Архангельск,1350.0
1135,smart,3,442,15,15,500,50,15360,3,3,200,550,Архангельск,550.0
1135,smart,4,378,13,19,500,50,15360,3,3,200,550,Архангельск,1350.0
1135,smart,5,346,17,17,500,50,15360,3,3,200,550,Архангельск,950.0
1135,smart,6,564,25,18,500,50,15360,3,3,200,550,Архангельск,1342.0
1135,smart,7,382,22,19,500,50,15360,3,3,200,550,Архангельск,1350.0
1135,smart,8,654,21,18,500,50,15360,3,3,200,550,Архангельск,1612.0
1135,smart,9,535,14,20,500,50,15360,3,3,200,550,Архангельск,1655.0
1135,smart,10,346,25,18,500,50,15360,3,3,200,550,Архангельск,1150.0
1135,smart,11,427,27,24,500,50,15360,3,3,200,550,Архангельск,2350.0
1135,smart,12,359,24,19,500,50,15360,3,3,200,550,Архангельск,1350.0
1136,smart,11,147,26,9,500,50,15360,3,3,200,550,Липецк,550.0
1136,smart,12,471,90,31,500,50,15360,3,3,200,550,Липецк,3870.0
1137,smart,12,705,19,16,500,50,15360,3,3,200,550,Кемерово,1365.0
1138,smart,7,483,7,16,500,50,15360,3,3,200,550,Екатеринбург,750.0
1138,smart,8,859,3,29,500,50,15360,3,3,200,550,Екатеринбург,4427.0
1138,smart,9,701,2,24,500,50,15360,3,3,200,550,Екатеринбург,2953.0
1138,smart,10,562,9,27,500,50,15360,3,3,200,550,Екатеринбург,3136.0
1138,smart,11,526,7,22,500,50,15360,3,3,200,550,Екатеринбург,2028.0
1138,smart,12,527,8,25,500,50,15360,3,3,200,550,Екатеринбург,2631.0
1139,smart,11,360,31,10,500,50,15360,3,3,200,550,Казань,550.0
1139,smart,12,572,53,16,500,50,15360,3,3,200,550,Казань,975.0
1140,smart,12,571,31,20,500,50,15360,3,3,200,550,Киров,1763.0
1141,smart,12,211,1,15,500,50,15360,3,3,200,550,Москва,550.0
1142,smart,3,81,8,5,500,50,15360,3,3,200,550,Новосибирск,550.0
1142,smart,4,475,24,22,500,50,15360,3,3,200,550,Новосибирск,1950.0
1142,smart,5,468,42,24,500,50,15360,3,3,200,550,Новосибирск,2350.0
1142,smart,6,503,46,17,500,50,15360,3,3,200,550,Новосибирск,959.0
1142,smart,7,515,57,16,500,50,15360,3,3,200,550,Новосибирск,816.0
1142,smart,8,354,43,20,500,50,15360,3,3,200,550,Новосибирск,1550.0
1142,smart,9,465,33,13,500,50,15360,3,3,200,550,Новосибирск,550.0
1142,smart,10,457,44,21,500,50,15360,3,3,200,550,Новосибирск,1750.0
1142,smart,11,478,43,22,500,50,15360,3,3,200,550,Новосибирск,1950.0
1142,smart,12,437,40,19,500,50,15360,3,3,200,550,Новосибирск,1350.0
1143,ultra,4,65,0,3,3000,1000,30720,1,1,150,1950,Пермь,1950.0
1143,ultra,5,746,0,21,3000,1000,30720,1,1,150,1950,Пермь,1950.0
1143,ultra,6,479,0,27,3000,1000,30720,1,1,150,1950,Пермь,1950.0
1143,ultra,7,767,0,26,3000,1000,30720,1,1,150,1950,Пермь,1950.0
1143,ultra,8,615,0,12,3000,1000,30720,1,1,150,1950,Пермь,1950.0
1143,ultra,9,633,0,23,3000,1000,30720,1,1,150,1950,Пермь,1950.0
1143,ultra,10,724,0,20,3000,1000,30720,1,1,150,1950,Пермь,1950.0
1143,ultra,11,474,0,21,3000,1000,30720,1,1,150,1950,Пермь,1950.0
1143,ultra,12,813,0,23,3000,1000,30720,1,1,150,1950,Пермь,1950.0
1144,smart,4,32,3,1,500,50,15360,3,3,200,550,Улан-Удэ,550.0
1144,smart,5,541,61,20,500,50,15360,3,3,200,550,Улан-Удэ,1706.0
1144,smart,6,468,51,17,500,50,15360,3,3,200,550,Улан-Удэ,953.0
1144,smart,7,398,80,13,500,50,15360,3,3,200,550,Улан-Удэ,640.0
1144,smart,8,349,68,16,500,50,15360,3,3,200,550,Улан-Удэ,804.0
1144,smart,9,516,55,19,500,50,15360,3,3,200,550,Улан-Удэ,1413.0
1144,smart,10,416,51,17,500,50,15360,3,3,200,550,Улан-Удэ,953.0
1144,smart,11,523,51,13,500,50,15360,3,3,200,550,Улан-Удэ,622.0
1144,smart,12,388,66,18,500,50,15360,3,3,200,550,Улан-Удэ,1198.0
1145,smart,4,348,60,7,500,50,15360,3,3,200,550,Тюмень,580.0
1145,smart,5,508,103,17,500,50,15360,3,3,200,550,Тюмень,1133.0
1145,smart,6,397,99,13,500,50,15360,3,3,200,550,Тюмень,697.0
1145,smart,7,520,111,21,500,50,15360,3,3,200,550,Тюмень,1993.0
1145,smart,8,523,111,17,500,50,15360,3,3,200,550,Тюмень,1202.0
1145,smart,9,454,87,19,500,50,15360,3,3,200,550,Тюмень,1461.0
1145,smart,10,497,78,16,500,50,15360,3,3,200,550,Тюмень,834.0
1145,smart,11,367,101,12,500,50,15360,3,3,200,550,Тюмень,703.0
1145,smart,12,524,105,13,500,50,15360,3,3,200,550,Тюмень,787.0
1146,smart,5,126,22,4,500,50,15360,3,3,200,550,Санкт-Петербург,550.0
1146,smart,6,532,92,15,500,50,15360,3,3,200,550,Санкт-Петербург,772.0
1146,smart,7,471,99,22,500,50,15360,3,3,200,550,Санкт-Петербург,2097.0
1146,smart,8,438,93,20,500,50,15360,3,3,200,550,Санкт-Петербург,1679.0
1146,smart,9,424,90,13,500,50,15360,3,3,200,550,Санкт-Петербург,670.0
1146,smart,10,634,78,17,500,50,15360,3,3,200,550,Санкт-Петербург,1436.0
1146,smart,11,499,92,22,500,50,15360,3,3,200,550,Санкт-Петербург,2076.0
1146,smart,12,496,90,18,500,50,15360,3,3,200,550,Санкт-Петербург,1270.0
1147,smart,7,247,26,13,500,50,15360,3,3,200,550,Якутск,550.0
1147,smart,8,243,36,20,500,50,15360,3,3,200,550,Якутск,1550.0
1147,smart,9,382,35,22,500,50,15360,3,3,200,550,Якутск,1950.0
1147,smart,10,373,42,22,500,50,15360,3,3,200,550,Якутск,1950.0
1147,smart,11,266,36,20,500,50,15360,3,3,200,550,Якутск,1550.0
1147,smart,12,340,29,24,500,50,15360,3,3,200,550,Якутск,2350.0
1148,ultra,4,329,10,21,3000,1000,30720,1,1,150,1950,Тольятти,1950.0
1148,ultra,5,870,23,34,3000,1000,30720,1,1,150,1950,Тольятти,2550.0
1148,ultra,6,747,15,32,3000,1000,30720,1,1,150,1950,Тольятти,2250.0
1148,ultra,7,936,20,35,3000,1000,30720,1,1,150,1950,Тольятти,2700.0
1148,ultra,8,717,14,34,3000,1000,30720,1,1,150,1950,Тольятти,2550.0
1148,ultra,9,787,10,33,3000,1000,30720,1,1,150,1950,Тольятти,2400.0
1148,ultra,10,810,12,32,3000,1000,30720,1,1,150,1950,Тольятти,2250.0
1148,ultra,11,709,10,38,3000,1000,30720,1,1,150,1950,Тольятти,3150.0
1148,ultra,12,835,12,36,3000,1000,30720,1,1,150,1950,Тольятти,2850.0
1149,smart,5,68,34,11,500,50,15360,3,3,200,550,Мурманск,550.0
1149,smart,6,159,91,23,500,50,15360,3,3,200,550,Мурманск,2273.0
1149,smart,7,242,85,26,500,50,15360,3,3,200,550,Мурманск,2855.0
1149,smart,8,173,99,25,500,50,15360,3,3,200,550,Мурманск,2697.0
1149,smart,9,243,99,25,500,50,15360,3,3,200,550,Мурманск,2697.0
1149,smart,10,261,77,21,500,50,15360,3,3,200,550,Мурманск,1831.0
1149,smart,11,281,74,25,500,50,15360,3,3,200,550,Мурманск,2622.0
1149,smart,12,156,73,24,500,50,15360,3,3,200,550,Мурманск,2419.0
1150,ultra,8,372,116,15,3000,1000,30720,1,1,150,1950,Сургут,1950.0
1150,ultra,9,430,137,12,3000,1000,30720,1,1,150,1950,Сургут,1950.0
1150,ultra,10,368,133,26,3000,1000,30720,1,1,150,1950,Сургут,1950.0
1150,ultra,11,438,118,15,3000,1000,30720,1,1,150,1950,Сургут,1950.0
1150,ultra,12,645,126,17,3000,1000,30720,1,1,150,1950,Сургут,1950.0
1151,ultra,9,375,5,3,3000,1000,30720,1,1,150,1950,Пенза,1950.0
1151,ultra,10,670,18,5,3000,1000,30720,1,1,150,1950,Пенза,1950.0
1151,ultra,11,692,18,4,3000,1000,30720,1,1,150,1950,Пенза,1950.0
1151,ultra,12,691,15,4,3000,1000,30720,1,1,150,1950,Пенза,1950.0
1152,ultra,2,172,0,17,3000,1000,30720,1,1,150,1950,Мурманск,1950.0
1152,ultra,3,389,0,25,3000,1000,30720,1,1,150,1950,Мурманск,1950.0
1152,ultra,4,281,0,28,3000,1000,30720,1,1,150,1950,Мурманск,1950.0
1152,ultra,5,345,0,27,3000,1000,30720,1,1,150,1950,Мурманск,1950.0
1152,ultra,6,291,0,27,3000,1000,30720,1,1,150,1950,Мурманск,1950.0
1152,ultra,7,294,0,17,3000,1000,30720,1,1,150,1950,Мурманск,1950.0
1152,ultra,8,239,0,28,3000,1000,30720,1,1,150,1950,Мурманск,1950.0
1152,ultra,9,288,0,21,3000,1000,30720,1,1,150,1950,Мурманск,1950.0
1152,ultra,10,243,0,23,3000,1000,30720,1,1,150,1950,Мурманск,1950.0
1152,ultra,11,421,0,22,3000,1000,30720,1,1,150,1950,Мурманск,1950.0
1152,ultra,12,415,0,29,3000,1000,30720,1,1,150,1950,Мурманск,1950.0
1153,smart,10,329,0,8,500,50,15360,3,3,200,550,Ульяновск,550.0
1153,smart,11,624,0,16,500,50,15360,3,3,200,550,Ульяновск,1122.0
1153,smart,12,648,0,26,500,50,15360,3,3,200,550,Ульяновск,3194.0
1154,smart,6,197,17,17,500,50,15360,3,3,200,550,Волжский,950.0
1154,smart,7,169,13,17,500,50,15360,3,3,200,550,Волжский,950.0
1154,smart,8,193,15,13,500,50,15360,3,3,200,550,Волжский,550.0
1154,smart,9,279,14,16,500,50,15360,3,3,200,550,Волжский,750.0
1154,smart,10,185,17,14,500,50,15360,3,3,200,550,Волжский,550.0
1154,smart,11,275,15,19,500,50,15360,3,3,200,550,Волжский,1350.0
1154,smart,12,280,14,17,500,50,15360,3,3,200,550,Волжский,950.0
1155,smart,1,337,48,20,500,50,15360,3,3,200,550,Ставрополь,1550.0
1155,smart,2,258,48,19,500,50,15360,3,3,200,550,Ставрополь,1350.0
1155,smart,3,401,48,16,500,50,15360,3,3,200,550,Ставрополь,750.0
1155,smart,4,288,47,16,500,50,15360,3,3,200,550,Ставрополь,750.0
1155,smart,5,360,42,12,500,50,15360,3,3,200,550,Ставрополь,550.0
1155,smart,6,289,40,17,500,50,15360,3,3,200,550,Ставрополь,950.0
1155,smart,7,371,47,23,500,50,15360,3,3,200,550,Ставрополь,2150.0
1155,smart,8,265,52,19,500,50,15360,3,3,200,550,Ставрополь,1356.0
1155,smart,9,503,52,16,500,50,15360,3,3,200,550,Ставрополь,765.0
1155,smart,10,318,59,12,500,50,15360,3,3,200,550,Ставрополь,577.0
1155,smart,11,554,47,16,500,50,15360,3,3,200,550,Ставрополь,912.0
1155,smart,12,350,46,16,500,50,15360,3,3,200,550,Ставрополь,750.0
1156,ultra,11,119,2,7,3000,1000,30720,1,1,150,1950,Набережные Челны,1950.0
1156,ultra,12,188,6,12,3000,1000,30720,1,1,150,1950,Набережные Челны,1950.0
1157,smart,2,90,0,4,500,50,15360,3,3,200,550,Москва,550.0
1157,smart,3,322,0,16,500,50,15360,3,3,200,550,Москва,750.0
1157,smart,4,352,0,27,500,50,15360,3,3,200,550,Москва,2950.0
1157,smart,5,448,0,22,500,50,15360,3,3,200,550,Москва,1950.0
1157,smart,6,419,0,25,500,50,15360,3,3,200,550,Москва,2550.0
1157,smart,7,491,0,19,500,50,15360,3,3,200,550,Москва,1350.0
1157,smart,8,450,0,18,500,50,15360,3,3,200,550,Москва,1150.0
1157,smart,9,540,0,20,500,50,15360,3,3,200,550,Москва,1670.0
1157,smart,10,416,0,27,500,50,15360,3,3,200,550,Москва,2950.0
1157,smart,11,408,0,19,500,50,15360,3,3,200,550,Москва,1350.0
1157,smart,12,464,0,28,500,50,15360,3,3,200,550,Москва,3150.0
1158,smart,2,371,55,13,500,50,15360,3,3,200,550,Новокузнецк,565.0
1158,smart,3,262,57,13,500,50,15360,3,3,200,550,Новокузнецк,571.0
1158,smart,4,411,60,12,500,50,15360,3,3,200,550,Новокузнецк,580.0
1158,smart,5,377,72,12,500,50,15360,3,3,200,550,Новокузнецк,616.0
1158,smart,6,399,51,16,500,50,15360,3,3,200,550,Новокузнецк,753.0
1158,smart,7,546,69,13,500,50,15360,3,3,200,550,Новокузнецк,745.0
1158,smart,8,339,64,15,500,50,15360,3,3,200,550,Новокузнецк,592.0
1158,smart,9,322,65,13,500,50,15360,3,3,200,550,Новокузнецк,595.0
1158,smart,10,468,62,16,500,50,15360,3,3,200,550,Новокузнецк,786.0
1158,smart,11,291,68,13,500,50,15360,3,3,200,550,Новокузнецк,604.0
1158,smart,12,363,48,14,500,50,15360,3,3,200,550,Новокузнецк,550.0
1159,smart,11,85,0,3,500,50,15360,3,3,200,550,Красноярск,550.0
1159,smart,12,734,2,35,500,50,15360,3,3,200,550,Красноярск,5252.0
1160,smart,7,307,46,13,500,50,15360,3,3,200,550,Ульяновск,550.0
1160,smart,8,411,41,18,500,50,15360,3,3,200,550,Ульяновск,1150.0
1160,smart,9,342,42,13,500,50,15360,3,3,200,550,Ульяновск,550.0
1160,smart,10,336,41,17,500,50,15360,3,3,200,550,Ульяновск,950.0
1160,smart,11,405,40,13,500,50,15360,3,3,200,550,Ульяновск,550.0
1160,smart,12,365,30,14,500,50,15360,3,3,200,550,Ульяновск,550.0
1161,smart,7,296,44,20,500,50,15360,3,3,200,550,Набережные Челны,1550.0
1161,smart,8,417,39,15,500,50,15360,3,3,200,550,Набережные Челны,550.0
1161,smart,9,390,44,17,500,50,15360,3,3,200,550,Набережные Челны,950.0
1161,smart,10,307,34,21,500,50,15360,3,3,200,550,Набережные Челны,1750.0
1161,smart,11,39,7,5,500,50,15360,3,3,200,550,Набережные Челны,550.0
1162,smart,10,112,0,12,500,50,15360,3,3,200,550,Москва,550.0
1162,smart,11,197,0,22,500,50,15360,3,3,200,550,Москва,1950.0
1162,smart,12,254,0,16,500,50,15360,3,3,200,550,Москва,750.0
1163,smart,11,395,35,13,500,50,15360,3,3,200,550,Москва,550.0
1163,smart,12,231,20,10,500,50,15360,3,3,200,550,Москва,550.0
1164,smart,4,423,33,12,500,50,15360,3,3,200,550,Магнитогорск,550.0
1164,smart,5,309,37,15,500,50,15360,3,3,200,550,Магнитогорск,550.0
1164,smart,6,332,37,14,500,50,15360,3,3,200,550,Магнитогорск,550.0
1164,smart,7,391,43,15,500,50,15360,3,3,200,550,Магнитогорск,550.0
1164,smart,8,262,25,12,500,50,15360,3,3,200,550,Магнитогорск,550.0
1164,smart,9,281,40,20,500,50,15360,3,3,200,550,Магнитогорск,1550.0
1164,smart,10,353,35,12,500,50,15360,3,3,200,550,Магнитогорск,550.0
1164,smart,11,264,28,17,500,50,15360,3,3,200,550,Магнитогорск,950.0
1164,smart,12,319,37,18,500,50,15360,3,3,200,550,Магнитогорск,1150.0
1165,ultra,10,138,107,22,3000,1000,30720,1,1,150,1950,Самара,1950.0
1165,ultra,11,232,197,42,3000,1000,30720,1,1,150,1950,Самара,3750.0
1165,ultra,12,278,224,32,3000,1000,30720,1,1,150,1950,Самара,2250.0
1166,ultra,8,108,50,7,3000,1000,30720,1,1,150,1950,Нижний Новгород,1950.0
1166,ultra,9,342,130,10,3000,1000,30720,1,1,150,1950,Нижний Новгород,1950.0
1166,ultra,10,425,115,14,3000,1000,30720,1,1,150,1950,Нижний Новгород,1950.0
1166,ultra,11,357,107,8,3000,1000,30720,1,1,150,1950,Нижний Новгород,1950.0
1166,ultra,12,407,118,13,3000,1000,30720,1,1,150,1950,Нижний Новгород,1950.0
1167,ultra,9,34,12,2,3000,1000,30720,1,1,150,1950,Кемерово,1950.0
1167,ultra,10,727,190,16,3000,1000,30720,1,1,150,1950,Кемерово,1950.0
1167,ultra,11,588,148,20,3000,1000,30720,1,1,150,1950,Кемерово,1950.0
1167,ultra,12,841,178,25,3000,1000,30720,1,1,150,1950,Кемерово,1950.0
1168,ultra,1,277,14,8,3000,1000,30720,1,1,150,1950,Кострома,1950.0
1168,ultra,2,884,47,19,3000,1000,30720,1,1,150,1950,Кострома,1950.0
1168,ultra,3,1083,54,33,3000,1000,30720,1,1,150,1950,Кострома,2400.0
1168,ultra,4,953,42,30,3000,1000,30720,1,1,150,1950,Кострома,1950.0
1168,ultra,5,1232,42,26,3000,1000,30720,1,1,150,1950,Кострома,1950.0
1168,ultra,6,912,40,32,3000,1000,30720,1,1,150,1950,Кострома,2250.0
1168,ultra,7,1112,51,30,3000,1000,30720,1,1,150,1950,Кострома,1950.0
1168,ultra,8,1120,48,29,3000,1000,30720,1,1,150,1950,Кострома,1950.0
1168,ultra,9,1158,41,25,3000,1000,30720,1,1,150,1950,Кострома,1950.0
1168,ultra,10,1334,38,36,3000,1000,30720,1,1,150,1950,Кострома,2850.0
1168,ultra,11,1053,42,32,3000,1000,30720,1,1,150,1950,Кострома,2250.0
1168,ultra,12,1199,45,29,3000,1000,30720,1,1,150,1950,Кострома,1950.0
1169,smart,6,72,2,5,500,50,15360,3,3,200,550,Сочи,550.0
1169,smart,7,384,12,18,500,50,15360,3,3,200,550,Сочи,1150.0
1169,smart,8,457,14,19,500,50,15360,3,3,200,550,Сочи,1350.0
1169,smart,9,400,14,22,500,50,15360,3,3,200,550,Сочи,1950.0
1169,smart,10,453,14,20,500,50,15360,3,3,200,550,Сочи,1550.0
1169,smart,11,415,15,19,500,50,15360,3,3,200,550,Сочи,1350.0
1169,smart,12,281,13,11,500,50,15360,3,3,200,550,Сочи,550.0
1170,smart,12,703,46,16,500,50,15360,3,3,200,550,Новосибирск,1359.0
1171,smart,3,158,23,6,500,50,15360,3,3,200,550,Москва,550.0
1171,smart,4,694,64,15,500,50,15360,3,3,200,550,Москва,1174.0
1171,smart,5,572,70,14,500,50,15360,3,3,200,550,Москва,826.0
1171,smart,6,646,54,13,500,50,15360,3,3,200,550,Москва,1000.0
1171,smart,7,679,68,12,500,50,15360,3,3,200,550,Москва,1141.0
1171,smart,8,640,72,11,500,50,15360,3,3,200,550,Москва,1036.0
1171,smart,9,747,71,15,500,50,15360,3,3,200,550,Москва,1354.0
1171,smart,10,656,70,14,500,50,15360,3,3,200,550,Москва,1078.0
1171,smart,11,715,78,16,500,50,15360,3,3,200,550,Москва,1479.0
1171,smart,12,489,90,14,500,50,15360,3,3,200,550,Москва,670.0
1172,smart,5,282,8,26,500,50,15360,3,3,200,550,Санкт-Петербург,2750.0
1172,smart,6,541,2,34,500,50,15360,3,3,200,550,Санкт-Петербург,4473.0
1172,smart,7,401,5,29,500,50,15360,3,3,200,550,Санкт-Петербург,3350.0
1172,smart,8,408,8,27,500,50,15360,3,3,200,550,Санкт-Петербург,2950.0
1172,smart,9,460,10,23,500,50,15360,3,3,200,550,Санкт-Петербург,2150.0
1172,smart,10,356,4,32,500,50,15360,3,3,200,550,Санкт-Петербург,3950.0
1172,smart,11,537,7,23,500,50,15360,3,3,200,550,Санкт-Петербург,2261.0
1172,smart,12,414,4,24,500,50,15360,3,3,200,550,Санкт-Петербург,2350.0
1173,smart,6,307,3,12,500,50,15360,3,3,200,550,Красноярск,550.0
1173,smart,7,755,10,25,500,50,15360,3,3,200,550,Красноярск,3315.0
1173,smart,8,1000,13,16,500,50,15360,3,3,200,550,Красноярск,2250.0
1173,smart,9,484,18,16,500,50,15360,3,3,200,550,Красноярск,750.0
1173,smart,10,841,14,21,500,50,15360,3,3,200,550,Красноярск,2773.0
1173,smart,11,811,15,23,500,50,15360,3,3,200,550,Красноярск,3083.0
1173,smart,12,599,18,22,500,50,15360,3,3,200,550,Красноярск,2247.0
1174,smart,2,118,19,12,500,50,15360,3,3,200,550,Санкт-Петербург,550.0
1174,smart,3,645,38,21,500,50,15360,3,3,200,550,Санкт-Петербург,2185.0
1174,smart,4,666,66,20,500,50,15360,3,3,200,550,Санкт-Петербург,2096.0
1174,smart,5,501,68,14,500,50,15360,3,3,200,550,Санкт-Петербург,607.0
1174,smart,6,530,58,19,500,50,15360,3,3,200,550,Санкт-Петербург,1464.0
1174,smart,7,785,43,17,500,50,15360,3,3,200,550,Санкт-Петербург,1805.0
1174,smart,8,604,68,16,500,50,15360,3,3,200,550,Санкт-Петербург,1116.0
1174,smart,9,612,57,12,500,50,15360,3,3,200,550,Санкт-Петербург,907.0
1174,smart,10,712,62,19,500,50,15360,3,3,200,550,Санкт-Петербург,2022.0
1174,smart,11,519,57,15,500,50,15360,3,3,200,550,Санкт-Петербург,628.0
1174,smart,12,603,58,19,500,50,15360,3,3,200,550,Санкт-Петербург,1683.0
1175,smart,4,219,0,14,500,50,15360,3,3,200,550,Москва,550.0
1175,smart,5,131,0,21,500,50,15360,3,3,200,550,Москва,1750.0
1175,smart,6,258,0,21,500,50,15360,3,3,200,550,Москва,1750.0
1175,smart,7,366,0,14,500,50,15360,3,3,200,550,Москва,550.0
1175,smart,8,279,0,15,500,50,15360,3,3,200,550,Москва,550.0
1175,smart,9,291,0,22,500,50,15360,3,3,200,550,Москва,1950.0
1175,smart,10,369,0,17,500,50,15360,3,3,200,550,Москва,950.0
1175,smart,11,359,0,21,500,50,15360,3,3,200,550,Москва,1750.0
1175,smart,12,360,0,24,500,50,15360,3,3,200,550,Москва,2350.0
1176,smart,1,187,20,7,500,50,15360,3,3,200,550,Волгоград,550.0
1176,smart,2,325,27,14,500,50,15360,3,3,200,550,Волгоград,550.0
1176,smart,3,400,47,17,500,50,15360,3,3,200,550,Волгоград,950.0
1176,smart,4,436,40,18,500,50,15360,3,3,200,550,Волгоград,1150.0
1176,smart,5,192,55,20,500,50,15360,3,3,200,550,Волгоград,1565.0
1176,smart,6,399,40,24,500,50,15360,3,3,200,550,Волгоград,2350.0
1176,smart,7,353,64,16,500,50,15360,3,3,200,550,Волгоград,792.0
1176,smart,8,432,40,15,500,50,15360,3,3,200,550,Волгоград,550.0
1176,smart,9,321,43,16,500,50,15360,3,3,200,550,Волгоград,750.0
1176,smart,10,288,38,18,500,50,15360,3,3,200,550,Волгоград,1150.0
1176,smart,11,395,59,16,500,50,15360,3,3,200,550,Волгоград,777.0
1176,smart,12,485,55,16,500,50,15360,3,3,200,550,Волгоград,765.0
1177,smart,6,126,0,5,500,50,15360,3,3,200,550,Новосибирск,550.0
1177,smart,7,454,0,16,500,50,15360,3,3,200,550,Новосибирск,750.0
1177,smart,8,415,0,17,500,50,15360,3,3,200,550,Новосибирск,950.0
1177,smart,9,409,0,17,500,50,15360,3,3,200,550,Новосибирск,950.0
1177,smart,10,479,0,19,500,50,15360,3,3,200,550,Новосибирск,1350.0
1177,smart,11,341,0,16,500,50,15360,3,3,200,550,Новосибирск,750.0
1177,smart,12,570,0,20,500,50,15360,3,3,200,550,Новосибирск,1760.0
1178,smart,5,256,13,8,500,50,15360,3,3,200,550,Москва,550.0
1178,smart,6,415,24,14,500,50,15360,3,3,200,550,Москва,550.0
1178,smart,7,532,19,12,500,50,15360,3,3,200,550,Москва,646.0
1178,smart,8,404,30,18,500,50,15360,3,3,200,550,Москва,1150.0
1178,smart,9,561,18,13,500,50,15360,3,3,200,550,Москва,733.0
1178,smart,10,422,17,14,500,50,15360,3,3,200,550,Москва,550.0
1178,smart,11,328,13,14,500,50,15360,3,3,200,550,Москва,550.0
1178,smart,12,611,18,15,500,50,15360,3,3,200,550,Москва,883.0
1179,smart,4,223,0,6,500,50,15360,3,3,200,550,Вологда,550.0
1179,smart,5,532,0,13,500,50,15360,3,3,200,550,Вологда,646.0
1179,smart,6,440,0,16,500,50,15360,3,3,200,550,Вологда,750.0
1179,smart,7,579,0,12,500,50,15360,3,3,200,550,Вологда,787.0
1179,smart,8,495,0,18,500,50,15360,3,3,200,550,Вологда,1150.0
1179,smart,9,552,0,12,500,50,15360,3,3,200,550,Вологда,706.0
1179,smart,10,477,0,14,500,50,15360,3,3,200,550,Вологда,550.0
1179,smart,11,373,0,14,500,50,15360,3,3,200,550,Вологда,550.0
1179,smart,12,631,0,19,500,50,15360,3,3,200,550,Вологда,1743.0
1180,ultra,2,54,16,21,3000,1000,30720,1,1,150,1950,Москва,1950.0
1180,ultra,3,108,16,37,3000,1000,30720,1,1,150,1950,Москва,3000.0
1180,ultra,4,76,14,31,3000,1000,30720,1,1,150,1950,Москва,2100.0
1180,ultra,5,86,22,36,3000,1000,30720,1,1,150,1950,Москва,2850.0
1180,ultra,6,31,25,28,3000,1000,30720,1,1,150,1950,Москва,1950.0
1180,ultra,7,96,17,34,3000,1000,30720,1,1,150,1950,Москва,2550.0
1180,ultra,8,112,10,33,3000,1000,30720,1,1,150,1950,Москва,2400.0
1180,ultra,9,62,22,29,3000,1000,30720,1,1,150,1950,Москва,1950.0
1180,ultra,10,98,18,43,3000,1000,30720,1,1,150,1950,Москва,3900.0
1180,ultra,11,93,15,26,3000,1000,30720,1,1,150,1950,Москва,1950.0
1180,ultra,12,134,23,27,3000,1000,30720,1,1,150,1950,Москва,1950.0
1181,smart,11,109,16,6,500,50,15360,3,3,200,550,Омск,550.0
1181,smart,12,351,82,28,500,50,15360,3,3,200,550,Омск,3246.0
1182,ultra,10,215,30,27,3000,1000,30720,1,1,150,1950,Уфа,1950.0
1182,ultra,11,223,47,31,3000,1000,30720,1,1,150,1950,Уфа,2100.0
1182,ultra,12,253,55,28,3000,1000,30720,1,1,150,1950,Уфа,1950.0
1183,smart,7,326,24,10,500,50,15360,3,3,200,550,Владивосток,550.0
1183,smart,8,579,41,21,500,50,15360,3,3,200,550,Владивосток,1987.0
1183,smart,9,536,34,13,500,50,15360,3,3,200,550,Владивосток,658.0
1183,smart,10,421,31,12,500,50,15360,3,3,200,550,Владивосток,550.0
1183,smart,11,369,46,9,500,50,15360,3,3,200,550,Владивосток,550.0
1183,smart,12,564,46,16,500,50,15360,3,3,200,550,Владивосток,942.0
1184,smart,9,323,3,12,500,50,15360,3,3,200,550,Барнаул,550.0
1184,smart,10,319,3,17,500,50,15360,3,3,200,550,Барнаул,950.0
1184,smart,11,265,1,11,500,50,15360,3,3,200,550,Барнаул,550.0
1184,smart,12,278,1,9,500,50,15360,3,3,200,550,Барнаул,550.0
1185,ultra,4,617,0,30,3000,1000,30720,1,1,150,1950,Санкт-Петербург,1950.0
1185,ultra,5,999,0,32,3000,1000,30720,1,1,150,1950,Санкт-Петербург,2250.0
1185,ultra,6,844,0,39,3000,1000,30720,1,1,150,1950,Санкт-Петербург,3300.0
1185,ultra,7,811,0,38,3000,1000,30720,1,1,150,1950,Санкт-Петербург,3150.0
1185,ultra,8,797,0,42,3000,1000,30720,1,1,150,1950,Санкт-Петербург,3750.0
1185,ultra,9,832,0,42,3000,1000,30720,1,1,150,1950,Санкт-Петербург,3750.0
1185,ultra,10,929,0,38,3000,1000,30720,1,1,150,1950,Санкт-Петербург,3150.0
1185,ultra,11,726,0,40,3000,1000,30720,1,1,150,1950,Санкт-Петербург,3450.0
1185,ultra,12,585,0,39,3000,1000,30720,1,1,150,1950,Санкт-Петербург,3300.0
1186,smart,2,546,50,11,500,50,15360,3,3,200,550,Самара,688.0
1186,smart,3,412,65,17,500,50,15360,3,3,200,550,Самара,995.0
1186,smart,4,501,61,7,500,50,15360,3,3,200,550,Самара,586.0
1186,smart,5,573,55,12,500,50,15360,3,3,200,550,Самара,784.0
1186,smart,6,606,64,14,500,50,15360,3,3,200,550,Самара,910.0
1186,smart,7,589,54,9,500,50,15360,3,3,200,550,Самара,829.0
1186,smart,8,613,73,12,500,50,15360,3,3,200,550,Самара,958.0
1186,smart,9,668,81,13,500,50,15360,3,3,200,550,Самара,1147.0
1186,smart,10,443,46,15,500,50,15360,3,3,200,550,Самара,550.0
1186,smart,11,569,60,10,500,50,15360,3,3,200,550,Самара,787.0
1186,smart,12,659,51,11,500,50,15360,3,3,200,550,Самара,1030.0
1187,smart,8,78,17,6,500,50,15360,3,3,200,550,Рязань,550.0
1187,smart,9,332,69,22,500,50,15360,3,3,200,550,Рязань,2007.0
1187,smart,10,560,70,20,500,50,15360,3,3,200,550,Рязань,1790.0
1187,smart,11,401,63,17,500,50,15360,3,3,200,550,Рязань,989.0
1187,smart,12,353,71,15,500,50,15360,3,3,200,550,Рязань,613.0
1188,smart,2,39,1,10,500,50,15360,3,3,200,550,Санкт-Петербург,550.0
1188,smart,3,46,9,13,500,50,15360,3,3,200,550,Санкт-Петербург,550.0
1188,smart,4,35,5,9,500,50,15360,3,3,200,550,Санкт-Петербург,550.0
1188,smart,5,19,11,11,500,50,15360,3,3,200,550,Санкт-Петербург,550.0
1188,smart,6,7,10,9,500,50,15360,3,3,200,550,Санкт-Петербург,550.0
1188,smart,7,39,12,15,500,50,15360,3,3,200,550,Санкт-Петербург,550.0
1188,smart,8,34,7,11,500,50,15360,3,3,200,550,Санкт-Петербург,550.0
1188,smart,9,50,9,14,500,50,15360,3,3,200,550,Санкт-Петербург,550.0
1188,smart,10,22,7,13,500,50,15360,3,3,200,550,Санкт-Петербург,550.0
1188,smart,11,51,9,11,500,50,15360,3,3,200,550,Санкт-Петербург,550.0
1188,smart,12,46,8,7,500,50,15360,3,3,200,550,Санкт-Петербург,550.0
1189,smart,1,51,1,1,500,50,15360,3,3,200,550,Санкт-Петербург,550.0
1189,smart,2,550,20,22,500,50,15360,3,3,200,550,Санкт-Петербург,2100.0
1189,smart,3,717,23,22,500,50,15360,3,3,200,550,Санкт-Петербург,2601.0
1189,smart,4,454,22,23,500,50,15360,3,3,200,550,Санкт-Петербург,2150.0
1189,smart,5,568,23,19,500,50,15360,3,3,200,550,Санкт-Петербург,1554.0
1189,smart,6,613,17,18,500,50,15360,3,3,200,550,Санкт-Петербург,1489.0
1189,smart,7,642,31,18,500,50,15360,3,3,200,550,Санкт-Петербург,1576.0
1189,smart,8,615,29,16,500,50,15360,3,3,200,550,Санкт-Петербург,1095.0
1189,smart,9,629,20,16,500,50,15360,3,3,200,550,Санкт-Петербург,1137.0
1189,smart,10,751,15,23,500,50,15360,3,3,200,550,Санкт-Петербург,2903.0
1189,smart,11,555,18,20,500,50,15360,3,3,200,550,Санкт-Петербург,1715.0
1189,smart,12,696,21,14,500,50,15360,3,3,200,550,Санкт-Петербург,1138.0
1190,smart,12,445,20,12,500,50,15360,3,3,200,550,Москва,550.0
1191,smart,6,18,2,2,500,50,15360,3,3,200,550,Набережные Челны,550.0
1191,smart,7,395,103,23,500,50,15360,3,3,200,550,Набережные Челны,2309.0
1191,smart,8,452,105,28,500,50,15360,3,3,200,550,Набережные Челны,3315.0
1191,smart,9,523,106,18,500,50,15360,3,3,200,550,Набережные Челны,1387.0
1191,smart,10,41,8,2,500,50,15360,3,3,200,550,Набережные Челны,550.0
1192,ultra,12,1055,35,9,3000,1000,30720,1,1,150,1950,Сургут,1950.0
1193,smart,1,388,24,7,500,50,15360,3,3,200,550,Тамбов,550.0
1193,smart,2,490,20,9,500,50,15360,3,3,200,550,Тамбов,550.0
1193,smart,3,612,8,12,500,50,15360,3,3,200,550,Тамбов,886.0
1193,smart,4,551,20,12,500,50,15360,3,3,200,550,Тамбов,703.0
1193,smart,5,486,16,15,500,50,15360,3,3,200,550,Тамбов,550.0
1193,smart,6,416,20,10,500,50,15360,3,3,200,550,Тамбов,550.0
1193,smart,7,518,17,12,500,50,15360,3,3,200,550,Тамбов,604.0
1193,smart,8,439,16,9,500,50,15360,3,3,200,550,Тамбов,550.0
1193,smart,9,542,30,12,500,50,15360,3,3,200,550,Тамбов,676.0
1193,smart,10,459,29,10,500,50,15360,3,3,200,550,Тамбов,550.0
1193,smart,11,433,26,12,500,50,15360,3,3,200,550,Тамбов,550.0
1193,smart,12,420,26,11,500,50,15360,3,3,200,550,Тамбов,550.0
1194,smart,12,403,54,14,500,50,15360,3,3,200,550,Москва,562.0
1195,smart,10,342,0,8,500,50,15360,3,3,200,550,Москва,550.0
1195,smart,11,416,0,11,500,50,15360,3,3,200,550,Москва,550.0
1195,smart,12,433,0,10,500,50,15360,3,3,200,550,Москва,550.0
1196,ultra,5,164,24,4,3000,1000,30720,1,1,150,1950,Воронеж,1950.0
1196,ultra,6,1410,153,23,3000,1000,30720,1,1,150,1950,Воронеж,1950.0
1196,ultra,7,1272,150,29,3000,1000,30720,1,1,150,1950,Воронеж,1950.0
1196,ultra,8,1213,169,21,3000,1000,30720,1,1,150,1950,Воронеж,1950.0
1196,ultra,9,1139,154,28,3000,1000,30720,1,1,150,1950,Воронеж,1950.0
1196,ultra,10,1069,149,27,3000,1000,30720,1,1,150,1950,Воронеж,1950.0
1196,ultra,11,1210,149,33,3000,1000,30720,1,1,150,1950,Воронеж,2400.0
1196,ultra,12,1213,172,25,3000,1000,30720,1,1,150,1950,Воронеж,1950.0
1197,smart,6,220,15,9,500,50,15360,3,3,200,550,Красноярск,550.0
1197,smart,7,539,31,22,500,50,15360,3,3,200,550,Красноярск,2067.0
1197,smart,8,497,21,23,500,50,15360,3,3,200,550,Красноярск,2150.0
1197,smart,9,495,28,22,500,50,15360,3,3,200,550,Красноярск,1950.0
1197,smart,10,537,28,25,500,50,15360,3,3,200,550,Красноярск,2661.0
1197,smart,11,489,25,18,500,50,15360,3,3,200,550,Красноярск,1150.0
1197,smart,12,493,20,28,500,50,15360,3,3,200,550,Красноярск,3150.0
1198,smart,8,98,2,9,500,50,15360,3,3,200,550,Ярославль,550.0
1198,smart,9,419,5,18,500,50,15360,3,3,200,550,Ярославль,1150.0
1198,smart,10,351,4,18,500,50,15360,3,3,200,550,Ярославль,1150.0
1198,smart,11,476,4,18,500,50,15360,3,3,200,550,Ярославль,1150.0
1198,smart,12,469,0,16,500,50,15360,3,3,200,550,Ярославль,750.0
1199,smart,9,434,44,8,500,50,15360,3,3,200,550,Чебоксары,550.0
1199,smart,10,511,72,9,500,50,15360,3,3,200,550,Чебоксары,649.0
1199,smart,11,675,70,13,500,50,15360,3,3,200,550,Чебоксары,1135.0
1199,smart,12,890,66,11,500,50,15360,3,3,200,550,Чебоксары,1768.0
1200,ultra,4,50,4,5,3000,1000,30720,1,1,150,1950,Санкт-Петербург,1950.0
1200,ultra,5,454,53,19,3000,1000,30720,1,1,150,1950,Санкт-Петербург,1950.0
1200,ultra,6,567,44,19,3000,1000,30720,1,1,150,1950,Санкт-Петербург,1950.0
1200,ultra,7,581,47,17,3000,1000,30720,1,1,150,1950,Санкт-Петербург,1950.0
1200,ultra,8,627,49,16,3000,1000,30720,1,1,150,1950,Санкт-Петербург,1950.0
1200,ultra,9,560,57,18,3000,1000,30720,1,1,150,1950,Санкт-Петербург,1950.0
1200,ultra,10,756,35,18,3000,1000,30720,1,1,150,1950,Санкт-Петербург,1950.0
1200,ultra,11,708,51,19,3000,1000,30720,1,1,150,1950,Санкт-Петербург,1950.0
1200,ultra,12,579,38,18,3000,1000,30720,1,1,150,1950,Санкт-Петербург,1950.0
1201,ultra,8,850,0,10,3000,1000,30720,1,1,150,1950,Москва,1950.0
1201,ultra,9,1045,0,12,3000,1000,30720,1,1,150,1950,Москва,1950.0
1201,ultra,10,723,0,9,3000,1000,30720,1,1,150,1950,Москва,1950.0
1201,ultra,11,886,0,8,3000,1000,30720,1,1,150,1950,Москва,1950.0
1201,ultra,12,26,0,1,3000,1000,30720,1,1,150,1950,Москва,1950.0
1202,smart,9,75,20,9,500,50,15360,3,3,200,550,Владивосток,550.0
1202,smart,10,363,27,29,500,50,15360,3,3,200,550,Владивосток,3350.0
1202,smart,11,378,36,16,500,50,15360,3,3,200,550,Владивосток,750.0
1202,smart,12,287,49,16,500,50,15360,3,3,200,550,Владивосток,750.0
1203,ultra,3,277,22,7,3000,1000,30720,1,1,150,1950,Москва,1950.0
1203,ultra,4,553,21,8,3000,1000,30720,1,1,150,1950,Москва,1950.0
1203,ultra,5,386,18,11,3000,1000,30720,1,1,150,1950,Москва,1950.0
1203,ultra,6,557,27,8,3000,1000,30720,1,1,150,1950,Москва,1950.0
1203,ultra,7,522,38,4,3000,1000,30720,1,1,150,1950,Москва,1950.0
1203,ultra,8,619,19,10,3000,1000,30720,1,1,150,1950,Москва,1950.0
1203,ultra,9,446,26,11,3000,1000,30720,1,1,150,1950,Москва,1950.0
1203,ultra,10,503,40,8,3000,1000,30720,1,1,150,1950,Москва,1950.0
1203,ultra,11,552,30,10,3000,1000,30720,1,1,150,1950,Москва,1950.0
1203,ultra,12,706,39,12,3000,1000,30720,1,1,150,1950,Москва,1950.0
1204,smart,1,305,0,16,500,50,15360,3,3,200,550,Москва,750.0
1204,smart,2,367,0,20,500,50,15360,3,3,200,550,Москва,1550.0
1204,smart,3,550,0,22,500,50,15360,3,3,200,550,Москва,2100.0
1204,smart,4,268,0,19,500,50,15360,3,3,200,550,Москва,1350.0
1204,smart,5,327,0,18,500,50,15360,3,3,200,550,Москва,1150.0
1204,smart,6,325,0,20,500,50,15360,3,3,200,550,Москва,1550.0
1204,smart,7,406,0,27,500,50,15360,3,3,200,550,Москва,2950.0
1204,smart,8,486,0,21,500,50,15360,3,3,200,550,Москва,1750.0
1204,smart,9,357,0,19,500,50,15360,3,3,200,550,Москва,1350.0
1204,smart,10,324,0,23,500,50,15360,3,3,200,550,Москва,2150.0
1204,smart,11,239,0,20,500,50,15360,3,3,200,550,Москва,1550.0
1204,smart,12,416,0,23,500,50,15360,3,3,200,550,Москва,2150.0
1205,smart,10,125,5,8,500,50,15360,3,3,200,550,Москва,550.0
1205,smart,11,214,15,20,500,50,15360,3,3,200,550,Москва,1550.0
1205,smart,12,219,19,27,500,50,15360,3,3,200,550,Москва,2950.0
1206,smart,11,312,14,11,500,50,15360,3,3,200,550,Москва,550.0
1206,smart,12,106,8,9,500,50,15360,3,3,200,550,Москва,550.0
1207,smart,8,246,11,16,500,50,15360,3,3,200,550,Балашиха,750.0
1207,smart,9,530,25,11,500,50,15360,3,3,200,550,Балашиха,640.0
1207,smart,10,392,26,14,500,50,15360,3,3,200,550,Балашиха,550.0
1207,smart,11,580,28,17,500,50,15360,3,3,200,550,Балашиха,1190.0
1207,smart,12,390,20,18,500,50,15360,3,3,200,550,Балашиха,1150.0
1208,ultra,3,92,0,4,3000,1000,30720,1,1,150,1950,Пермь,1950.0
1208,ultra,4,510,0,14,3000,1000,30720,1,1,150,1950,Пермь,1950.0
1208,ultra,5,533,0,18,3000,1000,30720,1,1,150,1950,Пермь,1950.0
1208,ultra,6,569,0,23,3000,1000,30720,1,1,150,1950,Пермь,1950.0
1208,ultra,7,575,0,14,3000,1000,30720,1,1,150,1950,Пермь,1950.0
1208,ultra,8,495,0,19,3000,1000,30720,1,1,150,1950,Пермь,1950.0
1208,ultra,9,594,0,21,3000,1000,30720,1,1,150,1950,Пермь,1950.0
1208,ultra,10,566,0,13,3000,1000,30720,1,1,150,1950,Пермь,1950.0
1208,ultra,11,559,0,14,3000,1000,30720,1,1,150,1950,Пермь,1950.0
1208,ultra,12,396,0,17,3000,1000,30720,1,1,150,1950,Пермь,1950.0
1209,smart,6,291,73,17,500,50,15360,3,3,200,550,Омск,1019.0
1209,smart,7,409,73,18,500,50,15360,3,3,200,550,Омск,1219.0
1209,smart,8,252,88,22,500,50,15360,3,3,200,550,Омск,2064.0
1209,smart,9,276,76,20,500,50,15360,3,3,200,550,Омск,1628.0
1209,smart,10,322,66,22,500,50,15360,3,3,200,550,Омск,1998.0
1209,smart,11,298,60,19,500,50,15360,3,3,200,550,Омск,1380.0
1209,smart,12,336,82,18,500,50,15360,3,3,200,550,Омск,1246.0
1210,smart,7,72,0,2,500,50,15360,3,3,200,550,Севастополь,550.0
1210,smart,8,604,0,21,500,50,15360,3,3,200,550,Севастополь,2062.0
1210,smart,9,680,0,19,500,50,15360,3,3,200,550,Севастополь,1890.0
1210,smart,10,602,0,22,500,50,15360,3,3,200,550,Севастополь,2256.0
1210,smart,11,621,0,17,500,50,15360,3,3,200,550,Севастополь,1313.0
1210,smart,12,522,0,18,500,50,15360,3,3,200,550,Севастополь,1216.0
1211,smart,6,152,4,5,500,50,15360,3,3,200,550,Калуга,550.0
1211,smart,7,315,20,16,500,50,15360,3,3,200,550,Калуга,750.0
1211,smart,8,360,20,22,500,50,15360,3,3,200,550,Калуга,1950.0
1211,smart,9,281,15,16,500,50,15360,3,3,200,550,Калуга,750.0
1211,smart,10,448,20,19,500,50,15360,3,3,200,550,Калуга,1350.0
1211,smart,11,406,16,18,500,50,15360,3,3,200,550,Калуга,1150.0
1211,smart,12,330,10,17,500,50,15360,3,3,200,550,Калуга,950.0
1212,smart,11,299,103,16,500,50,15360,3,3,200,550,Саранск,909.0
1212,smart,12,443,129,22,500,50,15360,3,3,200,550,Саранск,2187.0
1213,smart,8,263,35,9,500,50,15360,3,3,200,550,Ставрополь,550.0
1213,smart,9,695,54,20,500,50,15360,3,3,200,550,Ставрополь,2147.0
1213,smart,10,401,82,17,500,50,15360,3,3,200,550,Ставрополь,1046.0
1213,smart,11,615,56,19,500,50,15360,3,3,200,550,Ставрополь,1713.0
1213,smart,12,492,53,19,500,50,15360,3,3,200,550,Ставрополь,1359.0
1214,smart,7,335,51,13,500,50,15360,3,3,200,550,Калининград,553.0
1214,smart,8,352,54,10,500,50,15360,3,3,200,550,Калининград,562.0
1214,smart,9,313,59,11,500,50,15360,3,3,200,550,Калининград,577.0
1214,smart,10,455,77,10,500,50,15360,3,3,200,550,Калининград,631.0
1214,smart,11,432,66,10,500,50,15360,3,3,200,550,Калининград,598.0
1214,smart,12,405,65,12,500,50,15360,3,3,200,550,Калининград,595.0
1215,smart,8,217,10,8,500,50,15360,3,3,200,550,Рязань,550.0
1215,smart,9,353,11,14,500,50,15360,3,3,200,550,Рязань,550.0
1215,smart,10,329,16,14,500,50,15360,3,3,200,550,Рязань,550.0
1215,smart,11,356,16,20,500,50,15360,3,3,200,550,Рязань,1550.0
1215,smart,12,567,17,17,500,50,15360,3,3,200,550,Рязань,1151.0
1216,smart,11,348,18,5,500,50,15360,3,3,200,550,Волгоград,550.0
1216,smart,12,1435,64,20,500,50,15360,3,3,200,550,Волгоград,4397.0
1217,smart,2,72,6,4,500,50,15360,3,3,200,550,Ульяновск,550.0
1217,smart,3,556,65,12,500,50,15360,3,3,200,550,Ульяновск,763.0
1217,smart,4,455,62,17,500,50,15360,3,3,200,550,Ульяновск,986.0
1217,smart,5,466,61,14,500,50,15360,3,3,200,550,Ульяновск,583.0
1217,smart,6,519,56,10,500,50,15360,3,3,200,550,Ульяновск,625.0
1217,smart,7,559,68,17,500,50,15360,3,3,200,550,Ульяновск,1181.0
1217,smart,8,600,86,13,500,50,15360,3,3,200,550,Ульяновск,958.0
1217,smart,9,418,68,16,500,50,15360,3,3,200,550,Ульяновск,804.0
1217,smart,10,463,74,15,500,50,15360,3,3,200,550,Ульяновск,622.0
1217,smart,11,495,58,13,500,50,15360,3,3,200,550,Ульяновск,574.0
1217,smart,12,607,78,13,500,50,15360,3,3,200,550,Ульяновск,955.0
1218,smart,7,268,8,8,500,50,15360,3,3,200,550,Екатеринбург,550.0
1218,smart,8,387,14,12,500,50,15360,3,3,200,550,Екатеринбург,550.0
1218,smart,9,617,25,12,500,50,15360,3,3,200,550,Екатеринбург,901.0
1218,smart,10,471,12,15,500,50,15360,3,3,200,550,Екатеринбург,550.0
1218,smart,11,353,15,11,500,50,15360,3,3,200,550,Екатеринбург,550.0
1218,smart,12,378,16,12,500,50,15360,3,3,200,550,Екатеринбург,550.0
1219,smart,1,146,3,7,500,50,15360,3,3,200,550,Киров,550.0
1219,smart,2,343,6,20,500,50,15360,3,3,200,550,Киров,1550.0
1219,smart,3,524,9,22,500,50,15360,3,3,200,550,Киров,2022.0
1219,smart,4,518,10,21,500,50,15360,3,3,200,550,Киров,1804.0
1219,smart,5,467,13,17,500,50,15360,3,3,200,550,Киров,950.0
1219,smart,6,453,8,18,500,50,15360,3,3,200,550,Киров,1150.0
1219,smart,7,452,14,20,500,50,15360,3,3,200,550,Киров,1550.0
1219,smart,8,508,6,22,500,50,15360,3,3,200,550,Киров,1974.0
1219,smart,9,249,6,23,500,50,15360,3,3,200,550,Киров,2150.0
1219,smart,10,457,6,16,500,50,15360,3,3,200,550,Киров,750.0
1219,smart,11,463,7,22,500,50,15360,3,3,200,550,Киров,1950.0
1219,smart,12,447,8,17,500,50,15360,3,3,200,550,Киров,950.0
1220,smart,11,236,0,7,500,50,15360,3,3,200,550,Ростов-на-Дону,550.0
1220,smart,12,766,0,21,500,50,15360,3,3,200,550,Ростов-на-Дону,2548.0
1221,smart,6,256,28,9,500,50,15360,3,3,200,550,Белгород,550.0
1221,smart,7,114,32,9,500,50,15360,3,3,200,550,Белгород,550.0
1221,smart,8,138,33,16,500,50,15360,3,3,200,550,Белгород,750.0
1221,smart,9,208,19,12,500,50,15360,3,3,200,550,Белгород,550.0
1221,smart,10,272,38,9,500,50,15360,3,3,200,550,Белгород,550.0
1221,smart,11,348,26,9,500,50,15360,3,3,200,550,Белгород,550.0
1221,smart,12,221,27,8,500,50,15360,3,3,200,550,Белгород,550.0
1222,ultra,8,28,4,3,3000,1000,30720,1,1,150,1950,Уфа,1950.0
1222,ultra,9,1261,109,19,3000,1000,30720,1,1,150,1950,Уфа,1950.0
1222,ultra,10,1322,133,27,3000,1000,30720,1,1,150,1950,Уфа,1950.0
1222,ultra,11,1027,114,22,3000,1000,30720,1,1,150,1950,Уфа,1950.0
1222,ultra,12,1261,135,25,3000,1000,30720,1,1,150,1950,Уфа,1950.0
1223,smart,12,651,33,22,500,50,15360,3,3,200,550,Стерлитамак,2403.0
1224,smart,4,143,0,7,500,50,15360,3,3,200,550,Магнитогорск,550.0
1224,smart,5,442,0,19,500,50,15360,3,3,200,550,Магнитогорск,1350.0
1224,smart,6,559,0,22,500,50,15360,3,3,200,550,Магнитогорск,2127.0
1224,smart,7,476,0,18,500,50,15360,3,3,200,550,Магнитогорск,1150.0
1224,smart,8,505,0,17,500,50,15360,3,3,200,550,Магнитогорск,965.0
1224,smart,9,590,0,18,500,50,15360,3,3,200,550,Магнитогорск,1420.0
1224,smart,10,600,0,25,500,50,15360,3,3,200,550,Магнитогорск,2850.0
1224,smart,11,425,0,21,500,50,15360,3,3,200,550,Магнитогорск,1750.0
1224,smart,12,705,0,24,500,50,15360,3,3,200,550,Магнитогорск,2965.0
1225,ultra,4,41,0,5,3000,1000,30720,1,1,150,1950,Оренбург,1950.0
1225,ultra,5,569,0,23,3000,1000,30720,1,1,150,1950,Оренбург,1950.0
1225,ultra,6,663,0,27,3000,1000,30720,1,1,150,1950,Оренбург,1950.0
1225,ultra,7,521,0,20,3000,1000,30720,1,1,150,1950,Оренбург,1950.0
1225,ultra,8,665,0,18,3000,1000,30720,1,1,150,1950,Оренбург,1950.0
1225,ultra,9,677,0,23,3000,1000,30720,1,1,150,1950,Оренбург,1950.0
1225,ultra,10,753,0,20,3000,1000,30720,1,1,150,1950,Оренбург,1950.0
1225,ultra,11,612,0,17,3000,1000,30720,1,1,150,1950,Оренбург,1950.0
1225,ultra,12,436,0,19,3000,1000,30720,1,1,150,1950,Оренбург,1950.0
1226,ultra,6,153,94,10,3000,1000,30720,1,1,150,1950,Новосибирск,1950.0
1226,ultra,7,256,95,10,3000,1000,30720,1,1,150,1950,Новосибирск,1950.0
1226,ultra,8,148,104,14,3000,1000,30720,1,1,150,1950,Новосибирск,1950.0
1226,ultra,9,131,94,12,3000,1000,30720,1,1,150,1950,Новосибирск,1950.0
1226,ultra,10,175,94,10,3000,1000,30720,1,1,150,1950,Новосибирск,1950.0
1226,ultra,11,122,83,12,3000,1000,30720,1,1,150,1950,Новосибирск,1950.0
1226,ultra,12,158,87,16,3000,1000,30720,1,1,150,1950,Новосибирск,1950.0
1227,smart,1,471,27,17,500,50,15360,3,3,200,550,Санкт-Петербург,950.0
1227,smart,2,602,27,20,500,50,15360,3,3,200,550,Санкт-Петербург,1856.0
1227,smart,3,731,32,22,500,50,15360,3,3,200,550,Санкт-Петербург,2643.0
1227,smart,4,615,28,21,500,50,15360,3,3,200,550,Санкт-Петербург,2095.0
1227,smart,5,546,38,18,500,50,15360,3,3,200,550,Санкт-Петербург,1288.0
1227,smart,6,681,20,24,500,50,15360,3,3,200,550,Санкт-Петербург,2893.0
1227,smart,7,634,23,25,500,50,15360,3,3,200,550,Санкт-Петербург,2952.0
1227,smart,8,620,20,23,500,50,15360,3,3,200,550,Санкт-Петербург,2510.0
1227,smart,9,698,30,24,500,50,15360,3,3,200,550,Санкт-Петербург,2944.0
1227,smart,10,548,34,19,500,50,15360,3,3,200,550,Санкт-Петербург,1494.0
1227,smart,11,599,26,19,500,50,15360,3,3,200,550,Санкт-Петербург,1647.0
1227,smart,12,619,31,25,500,50,15360,3,3,200,550,Санкт-Петербург,2907.0
1228,smart,4,208,0,8,500,50,15360,3,3,200,550,Нижний Новгород,550.0
1228,smart,5,410,0,22,500,50,15360,3,3,200,550,Нижний Новгород,1950.0
1228,smart,6,611,0,19,500,50,15360,3,3,200,550,Нижний Новгород,1683.0
1228,smart,7,513,0,18,500,50,15360,3,3,200,550,Нижний Новгород,1189.0
1228,smart,8,487,0,17,500,50,15360,3,3,200,550,Нижний Новгород,950.0
1228,smart,9,428,0,12,500,50,15360,3,3,200,550,Нижний Новгород,550.0
1228,smart,10,576,0,15,500,50,15360,3,3,200,550,Нижний Новгород,778.0
1228,smart,11,411,0,15,500,50,15360,3,3,200,550,Нижний Новгород,550.0
1228,smart,12,482,0,19,500,50,15360,3,3,200,550,Нижний Новгород,1350.0
1229,smart,10,82,1,2,500,50,15360,3,3,200,550,Москва,550.0
1229,smart,11,672,5,26,500,50,15360,3,3,200,550,Москва,3266.0
1229,smart,12,1022,6,25,500,50,15360,3,3,200,550,Москва,4116.0
1230,smart,9,280,10,9,500,50,15360,3,3,200,550,Томск,550.0
1230,smart,10,447,17,20,500,50,15360,3,3,200,550,Томск,1550.0
1230,smart,11,356,13,20,500,50,15360,3,3,200,550,Томск,1550.0
1230,smart,12,317,16,14,500,50,15360,3,3,200,550,Томск,550.0
1231,ultra,5,0,55,11,3000,1000,30720,1,1,150,1950,Чебоксары,1950.0
1231,ultra,6,0,201,28,3000,1000,30720,1,1,150,1950,Чебоксары,1950.0
1231,ultra,7,0,211,28,3000,1000,30720,1,1,150,1950,Чебоксары,1950.0
1231,ultra,8,0,180,32,3000,1000,30720,1,1,150,1950,Чебоксары,2250.0
1231,ultra,9,0,188,33,3000,1000,30720,1,1,150,1950,Чебоксары,2400.0
1231,ultra,10,0,185,31,3000,1000,30720,1,1,150,1950,Чебоксары,2100.0
1231,ultra,11,0,173,27,3000,1000,30720,1,1,150,1950,Чебоксары,1950.0
1231,ultra,12,0,191,32,3000,1000,30720,1,1,150,1950,Чебоксары,2250.0
1232,smart,10,233,25,9,500,50,15360,3,3,200,550,Томск,550.0
1232,smart,11,234,27,10,500,50,15360,3,3,200,550,Томск,550.0
1233,smart,5,193,13,9,500,50,15360,3,3,200,550,Воронеж,550.0
1233,smart,6,496,22,26,500,50,15360,3,3,200,550,Воронеж,2750.0
1233,smart,7,620,26,22,500,50,15360,3,3,200,550,Воронеж,2310.0
1233,smart,8,661,31,20,500,50,15360,3,3,200,550,Воронеж,2033.0
1233,smart,9,663,27,21,500,50,15360,3,3,200,550,Воронеж,2239.0
1233,smart,10,681,35,28,500,50,15360,3,3,200,550,Воронеж,3693.0
1233,smart,11,605,35,21,500,50,15360,3,3,200,550,Воронеж,2065.0
1233,smart,12,671,27,20,500,50,15360,3,3,200,550,Воронеж,2063.0
1234,ultra,12,842,91,28,3000,1000,30720,1,1,150,1950,Магнитогорск,1950.0
1235,smart,10,491,76,14,500,50,15360,3,3,200,550,Москва,628.0
1235,smart,11,481,66,16,500,50,15360,3,3,200,550,Москва,798.0
1235,smart,12,663,80,17,500,50,15360,3,3,200,550,Москва,1529.0
1236,smart,12,557,47,22,500,50,15360,3,3,200,550,Москва,2121.0
1237,smart,11,415,99,15,500,50,15360,3,3,200,550,Москва,697.0
1237,smart,12,590,97,22,500,50,15360,3,3,200,550,Москва,2361.0
1238,smart,1,55,34,11,500,50,15360,3,3,200,550,Ростов-на-Дону,550.0
1238,smart,2,55,25,15,500,50,15360,3,3,200,550,Ростов-на-Дону,550.0
1238,smart,3,167,23,19,500,50,15360,3,3,200,550,Ростов-на-Дону,1350.0
1238,smart,4,57,28,12,500,50,15360,3,3,200,550,Ростов-на-Дону,550.0
1238,smart,5,127,23,14,500,50,15360,3,3,200,550,Ростов-на-Дону,550.0
1238,smart,6,19,28,13,500,50,15360,3,3,200,550,Ростов-на-Дону,550.0
1238,smart,7,36,34,18,500,50,15360,3,3,200,550,Ростов-на-Дону,1150.0
1238,smart,8,68,25,13,500,50,15360,3,3,200,550,Ростов-на-Дону,550.0
1238,smart,9,73,30,17,500,50,15360,3,3,200,550,Ростов-на-Дону,950.0
1238,smart,10,98,37,17,500,50,15360,3,3,200,550,Ростов-на-Дону,950.0
1238,smart,11,16,30,20,500,50,15360,3,3,200,550,Ростов-на-Дону,1550.0
1238,smart,12,112,31,18,500,50,15360,3,3,200,550,Ростов-на-Дону,1150.0
1239,smart,6,310,17,10,500,50,15360,3,3,200,550,Самара,550.0
1239,smart,7,477,26,14,500,50,15360,3,3,200,550,Самара,550.0
1239,smart,8,490,24,19,500,50,15360,3,3,200,550,Самара,1350.0
1239,smart,9,463,29,12,500,50,15360,3,3,200,550,Самара,550.0
1239,smart,10,380,27,16,500,50,15360,3,3,200,550,Самара,750.0
1239,smart,11,648,19,21,500,50,15360,3,3,200,550,Самара,2194.0
1239,smart,12,471,33,19,500,50,15360,3,3,200,550,Самара,1350.0
1240,ultra,2,0,0,1,3000,1000,30720,1,1,150,1950,Воронеж,1950.0
1240,ultra,3,372,0,28,3000,1000,30720,1,1,150,1950,Воронеж,1950.0
1240,ultra,4,402,0,36,3000,1000,30720,1,1,150,1950,Воронеж,2850.0
1240,ultra,5,395,0,43,3000,1000,30720,1,1,150,1950,Воронеж,3900.0
1240,ultra,6,401,0,35,3000,1000,30720,1,1,150,1950,Воронеж,2700.0
1240,ultra,7,473,0,41,3000,1000,30720,1,1,150,1950,Воронеж,3600.0
1240,ultra,8,457,0,48,3000,1000,30720,1,1,150,1950,Воронеж,4650.0
1240,ultra,9,523,0,31,3000,1000,30720,1,1,150,1950,Воронеж,2100.0
1240,ultra,10,308,0,34,3000,1000,30720,1,1,150,1950,Воронеж,2550.0
1240,ultra,11,383,0,32,3000,1000,30720,1,1,150,1950,Воронеж,2250.0
1240,ultra,12,431,0,43,3000,1000,30720,1,1,150,1950,Воронеж,3900.0
1241,smart,5,194,34,24,500,50,15360,3,3,200,550,Новосибирск,2350.0
1241,smart,6,134,23,20,500,50,15360,3,3,200,550,Новосибирск,1550.0
1241,smart,7,137,24,29,500,50,15360,3,3,200,550,Новосибирск,3350.0
1241,smart,8,178,25,31,500,50,15360,3,3,200,550,Новосибирск,3750.0
1241,smart,9,263,22,21,500,50,15360,3,3,200,550,Новосибирск,1750.0
1241,smart,10,222,25,25,500,50,15360,3,3,200,550,Новосибирск,2550.0
1241,smart,11,343,23,22,500,50,15360,3,3,200,550,Новосибирск,1950.0
1241,smart,12,249,16,24,500,50,15360,3,3,200,550,Новосибирск,2350.0
1242,smart,11,192,0,5,500,50,15360,3,3,200,550,Хабаровск,550.0
1242,smart,12,159,0,9,500,50,15360,3,3,200,550,Хабаровск,550.0
1243,ultra,6,479,62,27,3000,1000,30720,1,1,150,1950,Пермь,1950.0
1243,ultra,7,365,60,26,3000,1000,30720,1,1,150,1950,Пермь,1950.0
1243,ultra,8,395,82,24,3000,1000,30720,1,1,150,1950,Пермь,1950.0
1243,ultra,9,334,82,29,3000,1000,30720,1,1,150,1950,Пермь,1950.0
1243,ultra,10,393,82,21,3000,1000,30720,1,1,150,1950,Пермь,1950.0
1243,ultra,11,518,79,31,3000,1000,30720,1,1,150,1950,Пермь,2100.0
1243,ultra,12,401,85,30,3000,1000,30720,1,1,150,1950,Пермь,1950.0
1244,smart,5,470,60,12,500,50,15360,3,3,200,550,Москва,580.0
1244,smart,6,375,77,16,500,50,15360,3,3,200,550,Москва,831.0
1244,smart,7,574,80,19,500,50,15360,3,3,200,550,Москва,1662.0
1244,smart,8,515,98,20,500,50,15360,3,3,200,550,Москва,1739.0
1244,smart,9,338,82,22,500,50,15360,3,3,200,550,Москва,2046.0
1244,smart,10,376,79,27,500,50,15360,3,3,200,550,Москва,3037.0
1244,smart,11,589,83,19,500,50,15360,3,3,200,550,Москва,1716.0
1244,smart,12,272,97,23,500,50,15360,3,3,200,550,Москва,2291.0
1245,ultra,9,356,65,10,3000,1000,30720,1,1,150,1950,Москва,1950.0
1245,ultra,10,453,100,11,3000,1000,30720,1,1,150,1950,Москва,1950.0
1245,ultra,11,496,85,10,3000,1000,30720,1,1,150,1950,Москва,1950.0
1245,ultra,12,502,74,19,3000,1000,30720,1,1,150,1950,Москва,1950.0
1246,smart,9,70,4,3,500,50,15360,3,3,200,550,Санкт-Петербург,550.0
1246,smart,10,414,14,20,500,50,15360,3,3,200,550,Санкт-Петербург,1550.0
1246,smart,11,314,10,26,500,50,15360,3,3,200,550,Санкт-Петербург,2750.0
1246,smart,12,350,16,22,500,50,15360,3,3,200,550,Санкт-Петербург,1950.0
1247,smart,5,179,8,7,500,50,15360,3,3,200,550,Москва,550.0
1247,smart,6,401,29,25,500,50,15360,3,3,200,550,Москва,2550.0
1247,smart,7,644,20,21,500,50,15360,3,3,200,550,Москва,2182.0
1247,smart,8,489,31,23,500,50,15360,3,3,200,550,Москва,2150.0
1247,smart,9,487,27,20,500,50,15360,3,3,200,550,Москва,1550.0
1247,smart,10,361,36,18,500,50,15360,3,3,200,550,Москва,1150.0
1247,smart,11,393,28,18,500,50,15360,3,3,200,550,Москва,1150.0
1247,smart,12,541,29,19,500,50,15360,3,3,200,550,Москва,1473.0
1248,smart,5,105,0,3,500,50,15360,3,3,200,550,Москва,550.0
1248,smart,6,875,0,15,500,50,15360,3,3,200,550,Москва,1675.0
1248,smart,7,740,0,14,500,50,15360,3,3,200,550,Москва,1270.0
1248,smart,8,667,0,23,500,50,15360,3,3,200,550,Москва,2651.0
1248,smart,9,726,0,24,500,50,15360,3,3,200,550,Москва,3028.0
1248,smart,10,727,0,21,500,50,15360,3,3,200,550,Москва,2431.0
1248,smart,11,636,0,18,500,50,15360,3,3,200,550,Москва,1558.0
1248,smart,12,808,0,18,500,50,15360,3,3,200,550,Москва,2074.0
1249,smart,8,127,16,9,500,50,15360,3,3,200,550,Курск,550.0
1249,smart,9,226,14,12,500,50,15360,3,3,200,550,Курск,550.0
1249,smart,10,234,32,19,500,50,15360,3,3,200,550,Курск,1350.0
1249,smart,11,210,25,13,500,50,15360,3,3,200,550,Курск,550.0
1249,smart,12,231,23,16,500,50,15360,3,3,200,550,Курск,750.0
1250,smart,4,306,26,8,500,50,15360,3,3,200,550,Смоленск,550.0
1250,smart,5,386,44,15,500,50,15360,3,3,200,550,Смоленск,550.0
1250,smart,6,497,40,14,500,50,15360,3,3,200,550,Смоленск,550.0
1250,smart,7,487,38,13,500,50,15360,3,3,200,550,Смоленск,550.0
1250,smart,8,402,40,12,500,50,15360,3,3,200,550,Смоленск,550.0
1250,smart,9,387,33,12,500,50,15360,3,3,200,550,Смоленск,550.0
1250,smart,10,544,52,16,500,50,15360,3,3,200,550,Смоленск,888.0
1250,smart,11,517,44,14,500,50,15360,3,3,200,550,Смоленск,601.0
1250,smart,12,446,43,12,500,50,15360,3,3,200,550,Смоленск,550.0
1251,smart,2,206,45,15,500,50,15360,3,3,200,550,Пермь,550.0
1251,smart,3,457,93,18,500,50,15360,3,3,200,550,Пермь,1279.0
1251,smart,4,476,78,21,500,50,15360,3,3,200,550,Пермь,1834.0
1251,smart,5,433,96,25,500,50,15360,3,3,200,550,Пермь,2688.0
1251,smart,6,440,84,26,500,50,15360,3,3,200,550,Пермь,2852.0
1251,smart,7,437,90,23,500,50,15360,3,3,200,550,Пермь,2270.0
1251,smart,8,600,75,24,500,50,15360,3,3,200,550,Пермь,2725.0
1251,smart,9,443,93,20,500,50,15360,3,3,200,550,Пермь,1679.0
1251,smart,10,449,99,26,500,50,15360,3,3,200,550,Пермь,2897.0
1251,smart,11,407,84,24,500,50,15360,3,3,200,550,Пермь,2452.0
1251,smart,12,427,98,22,500,50,15360,3,3,200,550,Пермь,2094.0
1252,smart,12,532,20,18,500,50,15360,3,3,200,550,Ростов-на-Дону,1246.0
1253,ultra,8,286,75,14,3000,1000,30720,1,1,150,1950,Астрахань,1950.0
1253,ultra,9,211,90,15,3000,1000,30720,1,1,150,1950,Астрахань,1950.0
1253,ultra,10,272,89,26,3000,1000,30720,1,1,150,1950,Астрахань,1950.0
1253,ultra,11,147,84,16,3000,1000,30720,1,1,150,1950,Астрахань,1950.0
1253,ultra,12,241,87,22,3000,1000,30720,1,1,150,1950,Астрахань,1950.0
1254,ultra,1,466,0,20,3000,1000,30720,1,1,150,1950,Москва,1950.0
1254,ultra,2,525,0,24,3000,1000,30720,1,1,150,1950,Москва,1950.0
1254,ultra,3,504,0,29,3000,1000,30720,1,1,150,1950,Москва,1950.0
1254,ultra,4,497,0,18,3000,1000,30720,1,1,150,1950,Москва,1950.0
1254,ultra,5,727,0,25,3000,1000,30720,1,1,150,1950,Москва,1950.0
1254,ultra,6,562,0,23,3000,1000,30720,1,1,150,1950,Москва,1950.0
1254,ultra,7,715,0,20,3000,1000,30720,1,1,150,1950,Москва,1950.0
1254,ultra,8,175,0,12,3000,1000,30720,1,1,150,1950,Москва,1950.0
1255,ultra,2,89,0,15,3000,1000,30720,1,1,150,1950,Саранск,1950.0
1255,ultra,3,256,0,31,3000,1000,30720,1,1,150,1950,Саранск,2100.0
1255,ultra,4,237,0,37,3000,1000,30720,1,1,150,1950,Саранск,3000.0
1255,ultra,5,320,0,42,3000,1000,30720,1,1,150,1950,Саранск,3750.0
1255,ultra,6,198,0,37,3000,1000,30720,1,1,150,1950,Саранск,3000.0
1255,ultra,7,263,0,45,3000,1000,30720,1,1,150,1950,Саранск,4200.0
1255,ultra,8,251,0,41,3000,1000,30720,1,1,150,1950,Саранск,3600.0
1255,ultra,9,11,0,1,3000,1000,30720,1,1,150,1950,Саранск,1950.0
1256,smart,9,68,10,2,500,50,15360,3,3,200,550,Санкт-Петербург,550.0
1256,smart,10,662,103,22,500,50,15360,3,3,200,550,Санкт-Петербург,2595.0
1256,smart,11,499,91,19,500,50,15360,3,3,200,550,Санкт-Петербург,1473.0
1256,smart,12,622,88,23,500,50,15360,3,3,200,550,Санкт-Петербург,2630.0
1257,ultra,6,35,62,12,3000,1000,30720,1,1,150,1950,Санкт-Петербург,1950.0
1257,ultra,7,0,146,20,3000,1000,30720,1,1,150,1950,Санкт-Петербург,1950.0
1257,ultra,8,0,157,25,3000,1000,30720,1,1,150,1950,Санкт-Петербург,1950.0
1257,ultra,9,0,153,23,3000,1000,30720,1,1,150,1950,Санкт-Петербург,1950.0
1257,ultra,10,16,131,20,3000,1000,30720,1,1,150,1950,Санкт-Петербург,1950.0
1257,ultra,11,6,133,26,3000,1000,30720,1,1,150,1950,Санкт-Петербург,1950.0
1257,ultra,12,9,135,28,3000,1000,30720,1,1,150,1950,Санкт-Петербург,1950.0
1258,smart,12,219,8,19,500,50,15360,3,3,200,550,Санкт-Петербург,1350.0
1259,ultra,11,462,157,11,3000,1000,30720,1,1,150,1950,Санкт-Петербург,1950.0
1259,ultra,12,830,171,12,3000,1000,30720,1,1,150,1950,Санкт-Петербург,1950.0
1260,smart,7,260,0,9,500,50,15360,3,3,200,550,Москва,550.0
1260,smart,8,739,0,13,500,50,15360,3,3,200,550,Москва,1267.0
1260,smart,9,716,0,16,500,50,15360,3,3,200,550,Москва,1398.0
1260,smart,10,873,0,14,500,50,15360,3,3,200,550,Москва,1669.0
1260,smart,11,518,0,15,500,50,15360,3,3,200,550,Москва,604.0
1260,smart,12,872,0,13,500,50,15360,3,3,200,550,Москва,1666.0
1261,smart,10,9,1,2,500,50,15360,3,3,200,550,Казань,550.0
1261,smart,11,738,25,32,500,50,15360,3,3,200,550,Казань,4664.0
1261,smart,12,1074,22,32,500,50,15360,3,3,200,550,Казань,5672.0
1262,smart,3,174,22,11,500,50,15360,3,3,200,550,Ульяновск,550.0
1262,smart,4,313,45,17,500,50,15360,3,3,200,550,Ульяновск,950.0
1262,smart,5,419,50,23,500,50,15360,3,3,200,550,Ульяновск,2150.0
1262,smart,6,329,31,16,500,50,15360,3,3,200,550,Ульяновск,750.0
1262,smart,7,454,42,20,500,50,15360,3,3,200,550,Ульяновск,1550.0
1262,smart,8,381,30,21,500,50,15360,3,3,200,550,Ульяновск,1750.0
1262,smart,9,362,31,21,500,50,15360,3,3,200,550,Ульяновск,1750.0
1262,smart,10,309,41,19,500,50,15360,3,3,200,550,Ульяновск,1350.0
1262,smart,11,433,38,26,500,50,15360,3,3,200,550,Ульяновск,2750.0
1262,smart,12,472,40,19,500,50,15360,3,3,200,550,Ульяновск,1350.0
1263,smart,4,21,0,3,500,50,15360,3,3,200,550,Балашиха,550.0
1263,smart,5,677,10,18,500,50,15360,3,3,200,550,Балашиха,1681.0
1263,smart,6,606,9,21,500,50,15360,3,3,200,550,Балашиха,2068.0
1263,smart,7,653,6,15,500,50,15360,3,3,200,550,Балашиха,1009.0
1263,smart,8,732,6,21,500,50,15360,3,3,200,550,Балашиха,2446.0
1263,smart,9,711,4,15,500,50,15360,3,3,200,550,Балашиха,1183.0
1263,smart,10,772,8,22,500,50,15360,3,3,200,550,Балашиха,2766.0
1263,smart,11,476,9,18,500,50,15360,3,3,200,550,Балашиха,1150.0
1263,smart,12,755,11,18,500,50,15360,3,3,200,550,Балашиха,1915.0
1264,smart,4,95,2,5,500,50,15360,3,3,200,550,Хабаровск,550.0
1264,smart,5,341,18,18,500,50,15360,3,3,200,550,Хабаровск,1150.0
1264,smart,6,464,17,14,500,50,15360,3,3,200,550,Хабаровск,550.0
1264,smart,7,357,17,23,500,50,15360,3,3,200,550,Хабаровск,2150.0
1264,smart,8,451,20,24,500,50,15360,3,3,200,550,Хабаровск,2350.0
1264,smart,9,464,26,16,500,50,15360,3,3,200,550,Хабаровск,750.0
1264,smart,10,416,25,18,500,50,15360,3,3,200,550,Хабаровск,1150.0
1264,smart,11,349,21,16,500,50,15360,3,3,200,550,Хабаровск,750.0
1264,smart,12,444,16,17,500,50,15360,3,3,200,550,Хабаровск,950.0
1265,ultra,6,142,18,10,3000,1000,30720,1,1,150,1950,Омск,1950.0
1265,ultra,7,752,94,38,3000,1000,30720,1,1,150,1950,Омск,3150.0
1265,ultra,8,814,81,37,3000,1000,30720,1,1,150,1950,Омск,3000.0
1265,ultra,9,897,89,37,3000,1000,30720,1,1,150,1950,Омск,3000.0
1265,ultra,10,130,6,3,3000,1000,30720,1,1,150,1950,Омск,1950.0
1266,smart,7,136,13,9,500,50,15360,3,3,200,550,Калуга,550.0
1266,smart,8,305,37,17,500,50,15360,3,3,200,550,Калуга,950.0
1266,smart,9,339,45,13,500,50,15360,3,3,200,550,Калуга,550.0
1266,smart,10,450,43,22,500,50,15360,3,3,200,550,Калуга,1950.0
1266,smart,11,376,43,16,500,50,15360,3,3,200,550,Калуга,750.0
1266,smart,12,558,47,14,500,50,15360,3,3,200,550,Калуга,724.0
1267,smart,8,535,14,15,500,50,15360,3,3,200,550,Екатеринбург,655.0
1267,smart,9,539,15,19,500,50,15360,3,3,200,550,Екатеринбург,1467.0
1267,smart,10,612,13,14,500,50,15360,3,3,200,550,Екатеринбург,886.0
1267,smart,11,787,11,14,500,50,15360,3,3,200,550,Екатеринбург,1411.0
1267,smart,12,636,12,16,500,50,15360,3,3,200,550,Екатеринбург,1158.0
1268,smart,5,13,4,2,500,50,15360,3,3,200,550,Москва,550.0
1268,smart,6,316,51,21,500,50,15360,3,3,200,550,Москва,1753.0
1268,smart,7,353,35,21,500,50,15360,3,3,200,550,Москва,1750.0
1268,smart,8,460,35,15,500,50,15360,3,3,200,550,Москва,550.0
1268,smart,9,251,50,15,500,50,15360,3,3,200,550,Москва,550.0
1268,smart,10,294,45,19,500,50,15360,3,3,200,550,Москва,1350.0
1268,smart,11,269,49,17,500,50,15360,3,3,200,550,Москва,950.0
1268,smart,12,396,59,16,500,50,15360,3,3,200,550,Москва,777.0
1269,smart,7,145,14,10,500,50,15360,3,3,200,550,Омск,550.0
1269,smart,8,365,19,14,500,50,15360,3,3,200,550,Омск,550.0
1269,smart,9,389,24,17,500,50,15360,3,3,200,550,Омск,950.0
1269,smart,10,268,24,18,500,50,15360,3,3,200,550,Омск,1150.0
1269,smart,11,272,17,20,500,50,15360,3,3,200,550,Омск,1550.0
1269,smart,12,245,16,18,500,50,15360,3,3,200,550,Омск,1150.0
1270,ultra,7,231,51,11,3000,1000,30720,1,1,150,1950,Нижневартовск,1950.0
1270,ultra,8,376,47,12,3000,1000,30720,1,1,150,1950,Нижневартовск,1950.0
1270,ultra,9,285,46,11,3000,1000,30720,1,1,150,1950,Нижневартовск,1950.0
1270,ultra,10,352,53,6,3000,1000,30720,1,1,150,1950,Нижневартовск,1950.0
1270,ultra,11,328,43,10,3000,1000,30720,1,1,150,1950,Нижневартовск,1950.0
1270,ultra,12,315,48,17,3000,1000,30720,1,1,150,1950,Нижневартовск,1950.0
1271,ultra,7,382,78,13,3000,1000,30720,1,1,150,1950,Челябинск,1950.0
1271,ultra,8,389,117,23,3000,1000,30720,1,1,150,1950,Челябинск,1950.0
1271,ultra,9,341,94,20,3000,1000,30720,1,1,150,1950,Челябинск,1950.0
1271,ultra,10,540,98,27,3000,1000,30720,1,1,150,1950,Челябинск,1950.0
1271,ultra,11,155,45,7,3000,1000,30720,1,1,150,1950,Челябинск,1950.0
1272,ultra,8,20,7,4,3000,1000,30720,1,1,150,1950,Пенза,1950.0
1272,ultra,9,294,73,25,3000,1000,30720,1,1,150,1950,Пенза,1950.0
1272,ultra,10,305,76,16,3000,1000,30720,1,1,150,1950,Пенза,1950.0
1272,ultra,11,187,78,25,3000,1000,30720,1,1,150,1950,Пенза,1950.0
1272,ultra,12,343,61,24,3000,1000,30720,1,1,150,1950,Пенза,1950.0
1273,ultra,5,220,21,0,3000,1000,30720,1,1,150,1950,Курган,1950.0
1273,ultra,6,230,38,0,3000,1000,30720,1,1,150,1950,Курган,1950.0
1273,ultra,7,253,37,0,3000,1000,30720,1,1,150,1950,Курган,1950.0
1273,ultra,8,253,41,0,3000,1000,30720,1,1,150,1950,Курган,1950.0
1273,ultra,9,223,32,0,3000,1000,30720,1,1,150,1950,Курган,1950.0
1273,ultra,10,315,35,0,3000,1000,30720,1,1,150,1950,Курган,1950.0
1273,ultra,11,272,29,0,3000,1000,30720,1,1,150,1950,Курган,1950.0
1273,ultra,12,260,39,0,3000,1000,30720,1,1,150,1950,Курган,1950.0
1274,smart,5,493,69,16,500,50,15360,3,3,200,550,Волгоград,807.0
1274,smart,6,432,85,15,500,50,15360,3,3,200,550,Волгоград,655.0
1274,smart,7,415,76,12,500,50,15360,3,3,200,550,Волгоград,628.0
1274,smart,8,709,75,15,500,50,15360,3,3,200,550,Волгоград,1252.0
1274,smart,9,439,66,22,500,50,15360,3,3,200,550,Волгоград,1998.0
1274,smart,10,728,84,16,500,50,15360,3,3,200,550,Волгоград,1536.0
1274,smart,11,479,78,18,500,50,15360,3,3,200,550,Волгоград,1234.0
1274,smart,12,418,91,17,500,50,15360,3,3,200,550,Волгоград,1073.0
1275,smart,4,120,8,3,500,50,15360,3,3,200,550,Москва,550.0
1275,smart,5,348,28,19,500,50,15360,3,3,200,550,Москва,1350.0
1275,smart,6,380,23,16,500,50,15360,3,3,200,550,Москва,750.0
1275,smart,7,523,25,16,500,50,15360,3,3,200,550,Москва,819.0
1275,smart,8,451,29,15,500,50,15360,3,3,200,550,Москва,550.0
1275,smart,9,361,22,12,500,50,15360,3,3,200,550,Москва,550.0
1275,smart,10,470,29,19,500,50,15360,3,3,200,550,Москва,1350.0
1275,smart,11,347,26,14,500,50,15360,3,3,200,550,Москва,550.0
1275,smart,12,364,17,15,500,50,15360,3,3,200,550,Москва,550.0
1276,ultra,10,371,29,33,3000,1000,30720,1,1,150,1950,Москва,2400.0
1276,ultra,11,443,20,29,3000,1000,30720,1,1,150,1950,Москва,1950.0
1276,ultra,12,361,29,29,3000,1000,30720,1,1,150,1950,Москва,1950.0
1277,ultra,2,164,48,5,3000,1000,30720,1,1,150,1950,Новосибирск,1950.0
1277,ultra,3,483,145,16,3000,1000,30720,1,1,150,1950,Новосибирск,1950.0
1277,ultra,4,248,143,21,3000,1000,30720,1,1,150,1950,Новосибирск,1950.0
1277,ultra,5,418,145,19,3000,1000,30720,1,1,150,1950,Новосибирск,1950.0
1277,ultra,6,231,141,15,3000,1000,30720,1,1,150,1950,Новосибирск,1950.0
1277,ultra,7,243,135,21,3000,1000,30720,1,1,150,1950,Новосибирск,1950.0
1277,ultra,8,185,131,24,3000,1000,30720,1,1,150,1950,Новосибирск,1950.0
1277,ultra,9,278,139,22,3000,1000,30720,1,1,150,1950,Новосибирск,1950.0
1277,ultra,10,326,143,21,3000,1000,30720,1,1,150,1950,Новосибирск,1950.0
1277,ultra,11,232,140,11,3000,1000,30720,1,1,150,1950,Новосибирск,1950.0
1277,ultra,12,368,153,20,3000,1000,30720,1,1,150,1950,Новосибирск,1950.0
1278,smart,12,663,64,23,500,50,15360,3,3,200,550,Новокузнецк,2681.0
1279,smart,8,267,1,11,500,50,15360,3,3,200,550,Омск,550.0
1279,smart,9,413,0,10,500,50,15360,3,3,200,550,Омск,550.0
1279,smart,10,516,1,14,500,50,15360,3,3,200,550,Омск,598.0
1279,smart,11,606,1,11,500,50,15360,3,3,200,550,Омск,868.0
1279,smart,12,567,2,12,500,50,15360,3,3,200,550,Омск,751.0
1280,smart,7,354,20,7,500,50,15360,3,3,200,550,Астрахань,550.0
1280,smart,8,779,42,16,500,50,15360,3,3,200,550,Астрахань,1587.0
1280,smart,9,532,45,19,500,50,15360,3,3,200,550,Астрахань,1446.0
1280,smart,10,619,44,20,500,50,15360,3,3,200,550,Астрахань,1907.0
1280,smart,11,603,56,14,500,50,15360,3,3,200,550,Астрахань,877.0
1280,smart,12,479,51,20,500,50,15360,3,3,200,550,Астрахань,1553.0
1281,ultra,6,502,40,11,3000,1000,30720,1,1,150,1950,Нижний Новгород,1950.0
1281,ultra,7,508,71,18,3000,1000,30720,1,1,150,1950,Нижний Новгород,1950.0
1281,ultra,8,696,70,16,3000,1000,30720,1,1,150,1950,Нижний Новгород,1950.0
1281,ultra,9,599,60,21,3000,1000,30720,1,1,150,1950,Нижний Новгород,1950.0
1281,ultra,10,439,79,19,3000,1000,30720,1,1,150,1950,Нижний Новгород,1950.0
1281,ultra,11,549,69,17,3000,1000,30720,1,1,150,1950,Нижний Новгород,1950.0
1281,ultra,12,581,66,22,3000,1000,30720,1,1,150,1950,Нижний Новгород,1950.0
1282,smart,1,349,29,6,500,50,15360,3,3,200,550,Ульяновск,550.0
1282,smart,2,747,53,16,500,50,15360,3,3,200,550,Ульяновск,1500.0
1282,smart,3,822,66,18,500,50,15360,3,3,200,550,Ульяновск,2164.0
1282,smart,4,725,79,11,500,50,15360,3,3,200,550,Ульяновск,1312.0
1282,smart,5,637,80,9,500,50,15360,3,3,200,550,Ульяновск,1051.0
1282,smart,6,656,67,9,500,50,15360,3,3,200,550,Ульяновск,1069.0
1282,smart,7,748,64,13,500,50,15360,3,3,200,550,Ульяновск,1336.0
1282,smart,8,672,57,17,500,50,15360,3,3,200,550,Ульяновск,1487.0
1282,smart,9,836,67,20,500,50,15360,3,3,200,550,Ульяновск,2609.0
1282,smart,10,903,72,12,500,50,15360,3,3,200,550,Ульяновск,1825.0
1282,smart,11,747,63,13,500,50,15360,3,3,200,550,Ульяновск,1330.0
1282,smart,12,701,71,18,500,50,15360,3,3,200,550,Ульяновск,1816.0
1283,smart,9,154,16,16,500,50,15360,3,3,200,550,Москва,750.0
1283,smart,10,150,20,20,500,50,15360,3,3,200,550,Москва,1550.0
1283,smart,11,264,19,19,500,50,15360,3,3,200,550,Москва,1350.0
1283,smart,12,154,21,23,500,50,15360,3,3,200,550,Москва,2150.0
1284,smart,3,261,15,7,500,50,15360,3,3,200,550,Волгоград,550.0
1284,smart,4,462,39,15,500,50,15360,3,3,200,550,Волгоград,550.0
1284,smart,5,631,36,20,500,50,15360,3,3,200,550,Волгоград,1943.0
1284,smart,6,434,44,17,500,50,15360,3,3,200,550,Волгоград,950.0
1284,smart,7,659,54,15,500,50,15360,3,3,200,550,Волгоград,1039.0
1284,smart,8,474,44,14,500,50,15360,3,3,200,550,Волгоград,550.0
1284,smart,9,485,48,9,500,50,15360,3,3,200,550,Волгоград,550.0
1284,smart,10,533,39,22,500,50,15360,3,3,200,550,Волгоград,2049.0
1284,smart,11,407,42,20,500,50,15360,3,3,200,550,Волгоград,1550.0
1284,smart,12,472,39,16,500,50,15360,3,3,200,550,Волгоград,750.0
1285,smart,2,79,31,1,500,50,15360,3,3,200,550,Краснодар,550.0
1285,smart,3,234,110,2,500,50,15360,3,3,200,550,Краснодар,730.0
1285,smart,4,327,105,7,500,50,15360,3,3,200,550,Краснодар,715.0
1285,smart,5,312,102,6,500,50,15360,3,3,200,550,Краснодар,706.0
1285,smart,6,387,117,7,500,50,15360,3,3,200,550,Краснодар,751.0
1285,smart,7,274,108,6,500,50,15360,3,3,200,550,Краснодар,724.0
1285,smart,8,440,112,6,500,50,15360,3,3,200,550,Краснодар,736.0
1285,smart,9,315,114,5,500,50,15360,3,3,200,550,Краснодар,742.0
1285,smart,10,380,86,9,500,50,15360,3,3,200,550,Краснодар,658.0
1285,smart,11,365,98,9,500,50,15360,3,3,200,550,Краснодар,694.0
1285,smart,12,380,106,5,500,50,15360,3,3,200,550,Краснодар,718.0
1286,smart,11,47,12,5,500,50,15360,3,3,200,550,Москва,550.0
1286,smart,12,739,68,35,500,50,15360,3,3,200,550,Москва,5321.0
1287,smart,9,94,0,7,500,50,15360,3,3,200,550,Севастополь,550.0
1287,smart,10,508,11,31,500,50,15360,3,3,200,550,Севастополь,3774.0
1287,smart,11,475,6,17,500,50,15360,3,3,200,550,Севастополь,950.0
1287,smart,12,576,7,23,500,50,15360,3,3,200,550,Севастополь,2378.0
1288,smart,9,312,35,9,500,50,15360,3,3,200,550,Улан-Удэ,550.0
1288,smart,10,505,55,10,500,50,15360,3,3,200,550,Улан-Удэ,580.0
1288,smart,11,630,86,21,500,50,15360,3,3,200,550,Улан-Удэ,2248.0
1288,smart,12,576,60,11,500,50,15360,3,3,200,550,Улан-Удэ,808.0
1289,ultra,9,1186,75,12,3000,1000,30720,1,1,150,1950,Москва,1950.0
1289,ultra,10,1053,71,18,3000,1000,30720,1,1,150,1950,Москва,1950.0
1289,ultra,11,1257,99,14,3000,1000,30720,1,1,150,1950,Москва,1950.0
1289,ultra,12,1188,99,16,3000,1000,30720,1,1,150,1950,Москва,1950.0
1290,smart,5,423,0,15,500,50,15360,3,3,200,550,Нижний Новгород,550.0
1290,smart,6,452,0,23,500,50,15360,3,3,200,550,Нижний Новгород,2150.0
1290,smart,7,437,0,19,500,50,15360,3,3,200,550,Нижний Новгород,1350.0
1290,smart,8,643,0,19,500,50,15360,3,3,200,550,Нижний Новгород,1779.0
1290,smart,9,500,0,20,500,50,15360,3,3,200,550,Нижний Новгород,1550.0
1290,smart,10,520,0,19,500,50,15360,3,3,200,550,Нижний Новгород,1410.0
1290,smart,11,441,0,19,500,50,15360,3,3,200,550,Нижний Новгород,1350.0
1290,smart,12,452,0,30,500,50,15360,3,3,200,550,Нижний Новгород,3550.0
1291,smart,2,468,0,10,500,50,15360,3,3,200,550,Москва,550.0
1291,smart,3,544,0,19,500,50,15360,3,3,200,550,Москва,1482.0
1291,smart,4,550,0,15,500,50,15360,3,3,200,550,Москва,700.0
1291,smart,5,630,0,16,500,50,15360,3,3,200,550,Москва,1140.0
1291,smart,6,451,0,13,500,50,15360,3,3,200,550,Москва,550.0
1291,smart,7,544,0,17,500,50,15360,3,3,200,550,Москва,1082.0
1291,smart,8,487,0,13,500,50,15360,3,3,200,550,Москва,550.0
1291,smart,9,526,0,9,500,50,15360,3,3,200,550,Москва,628.0
1291,smart,10,584,0,12,500,50,15360,3,3,200,550,Москва,802.0
1291,smart,11,556,0,10,500,50,15360,3,3,200,550,Москва,718.0
1291,smart,12,704,0,9,500,50,15360,3,3,200,550,Москва,1162.0
1292,ultra,2,58,0,8,3000,1000,30720,1,1,150,1950,Красноярск,1950.0
1292,ultra,3,208,0,34,3000,1000,30720,1,1,150,1950,Красноярск,2550.0
1292,ultra,4,282,0,32,3000,1000,30720,1,1,150,1950,Красноярск,2250.0
1292,ultra,5,212,0,29,3000,1000,30720,1,1,150,1950,Красноярск,1950.0
1292,ultra,6,299,0,25,3000,1000,30720,1,1,150,1950,Красноярск,1950.0
1292,ultra,7,206,0,40,3000,1000,30720,1,1,150,1950,Красноярск,3450.0
1292,ultra,8,240,0,34,3000,1000,30720,1,1,150,1950,Красноярск,2550.0
1292,ultra,9,267,0,34,3000,1000,30720,1,1,150,1950,Красноярск,2550.0
1292,ultra,10,325,0,33,3000,1000,30720,1,1,150,1950,Красноярск,2400.0
1292,ultra,11,234,0,29,3000,1000,30720,1,1,150,1950,Красноярск,1950.0
1292,ultra,12,226,0,36,3000,1000,30720,1,1,150,1950,Красноярск,2850.0
1293,smart,9,148,38,15,500,50,15360,3,3,200,550,Санкт-Петербург,550.0
1293,smart,10,182,30,7,500,50,15360,3,3,200,550,Санкт-Петербург,550.0
1293,smart,11,174,22,9,500,50,15360,3,3,200,550,Санкт-Петербург,550.0
1294,ultra,2,60,5,7,3000,1000,30720,1,1,150,1950,Владивосток,1950.0
1294,ultra,3,234,24,28,3000,1000,30720,1,1,150,1950,Владивосток,1950.0
1294,ultra,4,204,18,21,3000,1000,30720,1,1,150,1950,Владивосток,1950.0
1294,ultra,5,353,27,28,3000,1000,30720,1,1,150,1950,Владивосток,1950.0
1294,ultra,6,237,19,23,3000,1000,30720,1,1,150,1950,Владивосток,1950.0
1294,ultra,7,295,21,22,3000,1000,30720,1,1,150,1950,Владивосток,1950.0
1294,ultra,8,308,22,19,3000,1000,30720,1,1,150,1950,Владивосток,1950.0
1294,ultra,9,376,26,23,3000,1000,30720,1,1,150,1950,Владивосток,1950.0
1294,ultra,10,309,20,24,3000,1000,30720,1,1,150,1950,Владивосток,1950.0
1294,ultra,11,267,26,24,3000,1000,30720,1,1,150,1950,Владивосток,1950.0
1294,ultra,12,261,23,27,3000,1000,30720,1,1,150,1950,Владивосток,1950.0
1295,smart,9,77,32,9,500,50,15360,3,3,200,550,Краснодар,550.0
1295,smart,10,156,108,20,500,50,15360,3,3,200,550,Краснодар,1724.0
1295,smart,11,240,97,21,500,50,15360,3,3,200,550,Краснодар,1891.0
1295,smart,12,297,115,17,500,50,15360,3,3,200,550,Краснодар,1145.0
1296,smart,6,253,32,11,500,50,15360,3,3,200,550,Москва,550.0
1296,smart,7,340,46,16,500,50,15360,3,3,200,550,Москва,750.0
1296,smart,8,226,40,14,500,50,15360,3,3,200,550,Москва,550.0
1296,smart,9,336,41,12,500,50,15360,3,3,200,550,Москва,550.0
1296,smart,10,316,45,15,500,50,15360,3,3,200,550,Москва,550.0
1296,smart,11,267,40,16,500,50,15360,3,3,200,550,Москва,750.0
1296,smart,12,252,50,15,500,50,15360,3,3,200,550,Москва,550.0
1297,smart,12,404,0,19,500,50,15360,3,3,200,550,Иркутск,1350.0
1298,smart,7,108,4,6,500,50,15360,3,3,200,550,Новосибирск,550.0
1298,smart,8,494,33,21,500,50,15360,3,3,200,550,Новосибирск,1750.0
1298,smart,9,560,25,21,500,50,15360,3,3,200,550,Новосибирск,1930.0
1298,smart,10,514,30,22,500,50,15360,3,3,200,550,Новосибирск,1992.0
1298,smart,11,469,38,20,500,50,15360,3,3,200,550,Новосибирск,1550.0
1298,smart,12,634,38,26,500,50,15360,3,3,200,550,Новосибирск,3152.0
1299,smart,1,85,9,3,500,50,15360,3,3,200,550,Уфа,550.0
1299,smart,2,353,57,13,500,50,15360,3,3,200,550,Уфа,571.0
1299,smart,3,714,38,22,500,50,15360,3,3,200,550,Уфа,2592.0
1299,smart,4,401,62,15,500,50,15360,3,3,200,550,Уфа,586.0
1299,smart,5,520,40,16,500,50,15360,3,3,200,550,Уфа,810.0
1299,smart,6,395,46,21,500,50,15360,3,3,200,550,Уфа,1750.0
1299,smart,7,457,43,14,500,50,15360,3,3,200,550,Уфа,550.0
1299,smart,8,494,36,15,500,50,15360,3,3,200,550,Уфа,550.0
1299,smart,9,443,45,14,500,50,15360,3,3,200,550,Уфа,550.0
1299,smart,10,332,48,15,500,50,15360,3,3,200,550,Уфа,550.0
1299,smart,11,418,63,15,500,50,15360,3,3,200,550,Уфа,589.0
1299,smart,12,436,41,20,500,50,15360,3,3,200,550,Уфа,1550.0
1300,ultra,7,103,33,7,3000,1000,30720,1,1,150,1950,Москва,1950.0
1300,ultra,8,701,171,34,3000,1000,30720,1,1,150,1950,Москва,2550.0
1300,ultra,9,725,176,33,3000,1000,30720,1,1,150,1950,Москва,2400.0
1300,ultra,10,731,191,38,3000,1000,30720,1,1,150,1950,Москва,3150.0
1300,ultra,11,658,170,44,3000,1000,30720,1,1,150,1950,Москва,4050.0
1300,ultra,12,623,183,35,3000,1000,30720,1,1,150,1950,Москва,2700.0
1301,smart,9,65,0,1,500,50,15360,3,3,200,550,Махачкала,550.0
1301,smart,10,595,0,20,500,50,15360,3,3,200,550,Махачкала,1835.0
1301,smart,11,525,0,21,500,50,15360,3,3,200,550,Махачкала,1825.0
1301,smart,12,575,0,24,500,50,15360,3,3,200,550,Махачкала,2575.0
1302,smart,1,76,28,5,500,50,15360,3,3,200,550,Уфа,550.0
1302,smart,2,194,77,13,500,50,15360,3,3,200,550,Уфа,631.0
1302,smart,3,210,77,16,500,50,15360,3,3,200,550,Уфа,831.0
1302,smart,4,306,59,15,500,50,15360,3,3,200,550,Уфа,577.0
1302,smart,5,241,80,19,500,50,15360,3,3,200,550,Уфа,1440.0
1302,smart,6,171,77,20,500,50,15360,3,3,200,550,Уфа,1631.0
1302,smart,7,173,77,12,500,50,15360,3,3,200,550,Уфа,631.0
1302,smart,8,182,82,20,500,50,15360,3,3,200,550,Уфа,1646.0
1302,smart,9,257,68,15,500,50,15360,3,3,200,550,Уфа,604.0
1302,smart,10,197,73,15,500,50,15360,3,3,200,550,Уфа,619.0
1302,smart,11,252,77,12,500,50,15360,3,3,200,550,Уфа,631.0
1302,smart,12,190,101,15,500,50,15360,3,3,200,550,Уфа,703.0
1303,ultra,7,101,7,3,3000,1000,30720,1,1,150,1950,Смоленск,1950.0
1303,ultra,8,540,27,21,3000,1000,30720,1,1,150,1950,Смоленск,1950.0
1303,ultra,9,610,33,28,3000,1000,30720,1,1,150,1950,Смоленск,1950.0
1303,ultra,10,443,30,29,3000,1000,30720,1,1,150,1950,Смоленск,1950.0
1303,ultra,11,563,32,18,3000,1000,30720,1,1,150,1950,Смоленск,1950.0
1303,ultra,12,580,27,18,3000,1000,30720,1,1,150,1950,Смоленск,1950.0
1304,ultra,11,435,65,35,3000,1000,30720,1,1,150,1950,Владимир,2700.0
1304,ultra,12,508,87,42,3000,1000,30720,1,1,150,1950,Владимир,3750.0
1305,smart,10,131,0,4,500,50,15360,3,3,200,550,Москва,550.0
1305,smart,11,704,0,24,500,50,15360,3,3,200,550,Москва,2962.0
1305,smart,12,645,0,21,500,50,15360,3,3,200,550,Москва,2185.0
1306,smart,11,20,0,1,500,50,15360,3,3,200,550,Чита,550.0
1306,smart,12,484,0,35,500,50,15360,3,3,200,550,Чита,4550.0
1307,smart,5,558,26,15,500,50,15360,3,3,200,550,Самара,724.0
1307,smart,6,658,22,18,500,50,15360,3,3,200,550,Самара,1624.0
1307,smart,7,737,24,20,500,50,15360,3,3,200,550,Самара,2261.0
1307,smart,8,726,30,14,500,50,15360,3,3,200,550,Самара,1228.0
1307,smart,9,578,17,20,500,50,15360,3,3,200,550,Самара,1784.0
1307,smart,10,553,17,20,500,50,15360,3,3,200,550,Самара,1709.0
1307,smart,11,663,25,17,500,50,15360,3,3,200,550,Самара,1439.0
1307,smart,12,705,23,20,500,50,15360,3,3,200,550,Самара,2165.0
1308,smart,1,250,24,12,500,50,15360,3,3,200,550,Москва,550.0
1308,smart,2,261,21,14,500,50,15360,3,3,200,550,Москва,550.0
1308,smart,3,144,23,19,500,50,15360,3,3,200,550,Москва,1350.0
1308,smart,4,204,24,17,500,50,15360,3,3,200,550,Москва,950.0
1308,smart,5,213,30,20,500,50,15360,3,3,200,550,Москва,1550.0
1308,smart,6,159,22,15,500,50,15360,3,3,200,550,Москва,550.0
1308,smart,7,175,33,17,500,50,15360,3,3,200,550,Москва,950.0
1308,smart,8,337,23,13,500,50,15360,3,3,200,550,Москва,550.0
1308,smart,9,225,26,18,500,50,15360,3,3,200,550,Москва,1150.0
1308,smart,10,243,35,14,500,50,15360,3,3,200,550,Москва,550.0
1308,smart,11,197,31,12,500,50,15360,3,3,200,550,Москва,550.0
1308,smart,12,207,32,22,500,50,15360,3,3,200,550,Москва,1950.0
1309,ultra,10,450,82,19,3000,1000,30720,1,1,150,1950,Казань,1950.0
1309,ultra,11,524,88,18,3000,1000,30720,1,1,150,1950,Казань,1950.0
1309,ultra,12,563,97,27,3000,1000,30720,1,1,150,1950,Казань,1950.0
1310,ultra,3,106,17,5,3000,1000,30720,1,1,150,1950,Уфа,1950.0
1310,ultra,4,501,54,24,3000,1000,30720,1,1,150,1950,Уфа,1950.0
1310,ultra,5,529,42,17,3000,1000,30720,1,1,150,1950,Уфа,1950.0
1310,ultra,6,483,45,18,3000,1000,30720,1,1,150,1950,Уфа,1950.0
1310,ultra,7,523,50,15,3000,1000,30720,1,1,150,1950,Уфа,1950.0
1310,ultra,8,528,51,23,3000,1000,30720,1,1,150,1950,Уфа,1950.0
1310,ultra,9,451,46,16,3000,1000,30720,1,1,150,1950,Уфа,1950.0
1310,ultra,10,469,56,16,3000,1000,30720,1,1,150,1950,Уфа,1950.0
1310,ultra,11,570,50,24,3000,1000,30720,1,1,150,1950,Уфа,1950.0
1310,ultra,12,483,49,19,3000,1000,30720,1,1,150,1950,Уфа,1950.0
1311,smart,8,354,61,16,500,50,15360,3,3,200,550,Тверь,783.0
1311,smart,9,270,60,17,500,50,15360,3,3,200,550,Тверь,980.0
1311,smart,10,316,67,15,500,50,15360,3,3,200,550,Тверь,601.0
1311,smart,11,241,66,17,500,50,15360,3,3,200,550,Тверь,998.0
1311,smart,12,300,76,16,500,50,15360,3,3,200,550,Тверь,828.0
1312,smart,7,24,7,5,500,50,15360,3,3,200,550,Санкт-Петербург,550.0
1312,smart,8,533,38,20,500,50,15360,3,3,200,550,Санкт-Петербург,1649.0
1312,smart,9,582,31,23,500,50,15360,3,3,200,550,Санкт-Петербург,2396.0
1312,smart,10,613,30,23,500,50,15360,3,3,200,550,Санкт-Петербург,2489.0
1312,smart,11,488,27,13,500,50,15360,3,3,200,550,Санкт-Петербург,550.0
1312,smart,12,474,29,22,500,50,15360,3,3,200,550,Санкт-Петербург,1950.0
1313,smart,10,280,5,6,500,50,15360,3,3,200,550,Ставрополь,550.0
1313,smart,11,853,33,24,500,50,15360,3,3,200,550,Ставрополь,3409.0
1313,smart,12,964,28,22,500,50,15360,3,3,200,550,Ставрополь,3342.0
1314,smart,3,406,31,24,500,50,15360,3,3,200,550,Киров,2350.0
1314,smart,4,440,26,15,500,50,15360,3,3,200,550,Киров,550.0
1314,smart,5,588,27,23,500,50,15360,3,3,200,550,Киров,2414.0
1314,smart,6,370,30,22,500,50,15360,3,3,200,550,Киров,1950.0
1314,smart,7,586,28,24,500,50,15360,3,3,200,550,Киров,2608.0
1314,smart,8,433,34,25,500,50,15360,3,3,200,550,Киров,2550.0
1314,smart,9,519,33,17,500,50,15360,3,3,200,550,Киров,1007.0
1314,smart,10,533,13,22,500,50,15360,3,3,200,550,Киров,2049.0
1314,smart,11,435,28,23,500,50,15360,3,3,200,550,Киров,2150.0
1314,smart,12,483,20,16,500,50,15360,3,3,200,550,Киров,750.0
1315,smart,7,350,34,13,500,50,15360,3,3,200,550,Владивосток,550.0
1315,smart,8,458,51,18,500,50,15360,3,3,200,550,Владивосток,1153.0
1315,smart,9,513,49,19,500,50,15360,3,3,200,550,Владивосток,1389.0
1315,smart,10,565,58,14,500,50,15360,3,3,200,550,Владивосток,769.0
1315,smart,11,352,48,20,500,50,15360,3,3,200,550,Владивосток,1550.0
1315,smart,12,489,60,26,500,50,15360,3,3,200,550,Владивосток,2780.0
1316,smart,11,60,2,1,500,50,15360,3,3,200,550,Улан-Удэ,550.0
1316,smart,12,771,40,16,500,50,15360,3,3,200,550,Улан-Удэ,1563.0
1317,smart,7,456,27,12,500,50,15360,3,3,200,550,Москва,550.0
1317,smart,8,659,37,16,500,50,15360,3,3,200,550,Москва,1227.0
1317,smart,9,472,48,16,500,50,15360,3,3,200,550,Москва,750.0
1317,smart,10,678,32,18,500,50,15360,3,3,200,550,Москва,1684.0
1317,smart,11,641,32,18,500,50,15360,3,3,200,550,Москва,1573.0
1317,smart,12,709,34,13,500,50,15360,3,3,200,550,Москва,1177.0
1318,ultra,3,248,14,4,3000,1000,30720,1,1,150,1950,Курган,1950.0
1318,ultra,4,589,40,15,3000,1000,30720,1,1,150,1950,Курган,1950.0
1318,ultra,5,598,49,27,3000,1000,30720,1,1,150,1950,Курган,1950.0
1318,ultra,6,730,50,20,3000,1000,30720,1,1,150,1950,Курган,1950.0
1318,ultra,7,672,45,10,3000,1000,30720,1,1,150,1950,Курган,1950.0
1318,ultra,8,567,46,19,3000,1000,30720,1,1,150,1950,Курган,1950.0
1318,ultra,9,662,56,9,3000,1000,30720,1,1,150,1950,Курган,1950.0
1318,ultra,10,538,54,16,3000,1000,30720,1,1,150,1950,Курган,1950.0
1318,ultra,11,524,37,17,3000,1000,30720,1,1,150,1950,Курган,1950.0
1318,ultra,12,786,49,15,3000,1000,30720,1,1,150,1950,Курган,1950.0
1319,smart,8,305,18,4,500,50,15360,3,3,200,550,Санкт-Петербург,550.0
1319,smart,9,729,60,21,500,50,15360,3,3,200,550,Санкт-Петербург,2467.0
1319,smart,10,1005,48,18,500,50,15360,3,3,200,550,Санкт-Петербург,2665.0
1319,smart,11,706,52,18,500,50,15360,3,3,200,550,Санкт-Петербург,1774.0
1319,smart,12,868,57,20,500,50,15360,3,3,200,550,Санкт-Петербург,2675.0
1320,smart,9,293,16,7,500,50,15360,3,3,200,550,Балашиха,550.0
1320,smart,10,329,26,14,500,50,15360,3,3,200,550,Балашиха,550.0
1320,smart,11,260,18,19,500,50,15360,3,3,200,550,Балашиха,1350.0
1320,smart,12,429,16,14,500,50,15360,3,3,200,550,Балашиха,550.0
1321,smart,2,258,18,16,500,50,15360,3,3,200,550,Москва,750.0
1321,smart,3,427,23,14,500,50,15360,3,3,200,550,Москва,550.0
1321,smart,4,351,31,11,500,50,15360,3,3,200,550,Москва,550.0
1321,smart,5,345,31,18,500,50,15360,3,3,200,550,Москва,1150.0
1321,smart,6,372,32,15,500,50,15360,3,3,200,550,Москва,550.0
1321,smart,7,456,25,20,500,50,15360,3,3,200,550,Москва,1550.0
1321,smart,8,509,22,21,500,50,15360,3,3,200,550,Москва,1777.0
1321,smart,9,408,20,16,500,50,15360,3,3,200,550,Москва,750.0
1321,smart,10,411,24,18,500,50,15360,3,3,200,550,Москва,1150.0
1321,smart,11,450,30,19,500,50,15360,3,3,200,550,Москва,1350.0
1321,smart,12,340,19,18,500,50,15360,3,3,200,550,Москва,1150.0
1322,smart,9,342,0,13,500,50,15360,3,3,200,550,Балашиха,550.0
1322,smart,10,583,0,14,500,50,15360,3,3,200,550,Балашиха,799.0
1322,smart,11,589,0,16,500,50,15360,3,3,200,550,Балашиха,1017.0
1322,smart,12,645,0,21,500,50,15360,3,3,200,550,Балашиха,2185.0
1323,smart,8,481,59,17,500,50,15360,3,3,200,550,Челябинск,977.0
1323,smart,9,499,60,23,500,50,15360,3,3,200,550,Челябинск,2180.0
1323,smart,10,545,60,14,500,50,15360,3,3,200,550,Челябинск,715.0
1323,smart,11,539,56,18,500,50,15360,3,3,200,550,Челябинск,1285.0
1323,smart,12,538,85,21,500,50,15360,3,3,200,550,Челябинск,1969.0
1324,smart,5,136,15,3,500,50,15360,3,3,200,550,Череповец,550.0
1324,smart,6,757,134,26,500,50,15360,3,3,200,550,Череповец,3773.0
1324,smart,7,719,137,20,500,50,15360,3,3,200,550,Череповец,2468.0
1324,smart,8,782,134,24,500,50,15360,3,3,200,550,Череповец,3448.0
1324,smart,9,715,136,23,500,50,15360,3,3,200,550,Череповец,3053.0
1324,smart,10,838,139,27,500,50,15360,3,3,200,550,Череповец,4231.0
1324,smart,11,535,124,21,500,50,15360,3,3,200,550,Череповец,2077.0
1324,smart,12,754,125,20,500,50,15360,3,3,200,550,Череповец,2537.0
1325,ultra,6,305,7,12,3000,1000,30720,1,1,150,1950,Новосибирск,1950.0
1325,ultra,7,653,22,20,3000,1000,30720,1,1,150,1950,Новосибирск,1950.0
1325,ultra,8,575,19,25,3000,1000,30720,1,1,150,1950,Новосибирск,1950.0
1325,ultra,9,495,7,23,3000,1000,30720,1,1,150,1950,Новосибирск,1950.0
1325,ultra,10,380,15,22,3000,1000,30720,1,1,150,1950,Новосибирск,1950.0
1325,ultra,11,548,13,27,3000,1000,30720,1,1,150,1950,Новосибирск,1950.0
1325,ultra,12,606,15,31,3000,1000,30720,1,1,150,1950,Новосибирск,2100.0
1326,smart,5,32,3,3,500,50,15360,3,3,200,550,Санкт-Петербург,550.0
1326,smart,6,273,20,17,500,50,15360,3,3,200,550,Санкт-Петербург,950.0
1326,smart,7,277,29,17,500,50,15360,3,3,200,550,Санкт-Петербург,950.0
1326,smart,8,395,12,25,500,50,15360,3,3,200,550,Санкт-Петербург,2550.0
1326,smart,9,298,23,20,500,50,15360,3,3,200,550,Санкт-Петербург,1550.0
1326,smart,10,291,17,18,500,50,15360,3,3,200,550,Санкт-Петербург,1150.0
1326,smart,11,370,25,20,500,50,15360,3,3,200,550,Санкт-Петербург,1550.0
1326,smart,12,292,15,22,500,50,15360,3,3,200,550,Санкт-Петербург,1950.0
1327,smart,4,214,37,8,500,50,15360,3,3,200,550,Новороссийск,550.0
1327,smart,5,503,45,14,500,50,15360,3,3,200,550,Новороссийск,559.0
1327,smart,6,459,47,18,500,50,15360,3,3,200,550,Новороссийск,1150.0
1327,smart,7,357,52,10,500,50,15360,3,3,200,550,Новороссийск,556.0
1327,smart,8,510,38,16,500,50,15360,3,3,200,550,Новороссийск,780.0
1327,smart,9,462,45,15,500,50,15360,3,3,200,550,Новороссийск,550.0
1327,smart,10,303,51,17,500,50,15360,3,3,200,550,Новороссийск,953.0
1327,smart,11,421,49,13,500,50,15360,3,3,200,550,Новороссийск,550.0
1327,smart,12,405,59,16,500,50,15360,3,3,200,550,Новороссийск,777.0
1328,ultra,10,0,6,22,3000,1000,30720,1,1,150,1950,Мурманск,1950.0
1328,ultra,11,0,8,35,3000,1000,30720,1,1,150,1950,Мурманск,2700.0
1328,ultra,12,0,7,39,3000,1000,30720,1,1,150,1950,Мурманск,3300.0
1329,smart,10,455,10,18,500,50,15360,3,3,200,550,Набережные Челны,1150.0
1329,smart,11,475,11,15,500,50,15360,3,3,200,550,Набережные Челны,550.0
1329,smart,12,600,6,15,500,50,15360,3,3,200,550,Набережные Челны,850.0
1330,ultra,2,514,56,32,3000,1000,30720,1,1,150,1950,Нижний Новгород,2250.0
1330,ultra,3,865,69,29,3000,1000,30720,1,1,150,1950,Нижний Новгород,1950.0
1330,ultra,4,485,78,33,3000,1000,30720,1,1,150,1950,Нижний Новгород,2400.0
1330,ultra,5,665,61,29,3000,1000,30720,1,1,150,1950,Нижний Новгород,1950.0
1330,ultra,6,760,78,29,3000,1000,30720,1,1,150,1950,Нижний Новгород,1950.0
1330,ultra,7,652,76,28,3000,1000,30720,1,1,150,1950,Нижний Новгород,1950.0
1330,ultra,8,631,72,34,3000,1000,30720,1,1,150,1950,Нижний Новгород,2550.0
1330,ultra,9,723,81,29,3000,1000,30720,1,1,150,1950,Нижний Новгород,1950.0
1330,ultra,10,634,84,30,3000,1000,30720,1,1,150,1950,Нижний Новгород,1950.0
1330,ultra,11,604,79,28,3000,1000,30720,1,1,150,1950,Нижний Новгород,1950.0
1330,ultra,12,516,69,32,3000,1000,30720,1,1,150,1950,Нижний Новгород,2250.0
1331,ultra,4,275,49,20,3000,1000,30720,1,1,150,1950,Москва,1950.0
1331,ultra,5,536,62,30,3000,1000,30720,1,1,150,1950,Москва,1950.0
1331,ultra,6,542,72,33,3000,1000,30720,1,1,150,1950,Москва,2400.0
1331,ultra,7,537,71,32,3000,1000,30720,1,1,150,1950,Москва,2250.0
1331,ultra,8,409,71,28,3000,1000,30720,1,1,150,1950,Москва,1950.0
1331,ultra,9,459,72,33,3000,1000,30720,1,1,150,1950,Москва,2400.0
1331,ultra,10,430,66,30,3000,1000,30720,1,1,150,1950,Москва,1950.0
1331,ultra,11,497,76,30,3000,1000,30720,1,1,150,1950,Москва,1950.0
1331,ultra,12,553,64,34,3000,1000,30720,1,1,150,1950,Москва,2550.0
1332,smart,5,36,6,4,500,50,15360,3,3,200,550,Москва,550.0
1332,smart,6,603,38,20,500,50,15360,3,3,200,550,Москва,1859.0
1332,smart,7,497,35,19,500,50,15360,3,3,200,550,Москва,1350.0
1332,smart,8,422,36,19,500,50,15360,3,3,200,550,Москва,1350.0
1332,smart,9,396,34,17,500,50,15360,3,3,200,550,Москва,950.0
1332,smart,10,507,38,17,500,50,15360,3,3,200,550,Москва,971.0
1332,smart,11,541,47,22,500,50,15360,3,3,200,550,Москва,2073.0
1332,smart,12,500,30,18,500,50,15360,3,3,200,550,Москва,1150.0
1333,ultra,9,50,16,4,3000,1000,30720,1,1,150,1950,Москва,1950.0
1333,ultra,10,627,129,25,3000,1000,30720,1,1,150,1950,Москва,1950.0
1333,ultra,11,759,154,19,3000,1000,30720,1,1,150,1950,Москва,1950.0
1333,ultra,12,697,145,21,3000,1000,30720,1,1,150,1950,Москва,1950.0
1334,smart,11,116,0,11,500,50,15360,3,3,200,550,Владивосток,550.0
1334,smart,12,386,0,26,500,50,15360,3,3,200,550,Владивосток,2750.0
1335,ultra,6,83,10,5,3000,1000,30720,1,1,150,1950,Москва,1950.0
1335,ultra,7,602,93,17,3000,1000,30720,1,1,150,1950,Москва,1950.0
1335,ultra,8,756,105,19,3000,1000,30720,1,1,150,1950,Москва,1950.0
1335,ultra,9,782,77,20,3000,1000,30720,1,1,150,1950,Москва,1950.0
1335,ultra,10,671,94,16,3000,1000,30720,1,1,150,1950,Москва,1950.0
1335,ultra,11,563,94,15,3000,1000,30720,1,1,150,1950,Москва,1950.0
1335,ultra,12,810,101,13,3000,1000,30720,1,1,150,1950,Москва,1950.0
1336,ultra,12,756,20,26,3000,1000,30720,1,1,150,1950,Уфа,1950.0
1337,smart,1,121,7,10,500,50,15360,3,3,200,550,Вологда,550.0
1337,smart,2,161,6,18,500,50,15360,3,3,200,550,Вологда,1150.0
1337,smart,3,215,8,15,500,50,15360,3,3,200,550,Вологда,550.0
1337,smart,4,197,11,24,500,50,15360,3,3,200,550,Вологда,2350.0
1337,smart,5,170,10,18,500,50,15360,3,3,200,550,Вологда,1150.0
1337,smart,6,154,9,17,500,50,15360,3,3,200,550,Вологда,950.0
1337,smart,7,111,8,16,500,50,15360,3,3,200,550,Вологда,750.0
1337,smart,8,150,10,16,500,50,15360,3,3,200,550,Вологда,750.0
1337,smart,9,97,13,17,500,50,15360,3,3,200,550,Вологда,950.0
1337,smart,10,241,8,22,500,50,15360,3,3,200,550,Вологда,1950.0
1337,smart,11,188,16,19,500,50,15360,3,3,200,550,Вологда,1350.0
1337,smart,12,94,14,22,500,50,15360,3,3,200,550,Вологда,1950.0
1338,smart,5,153,21,12,500,50,15360,3,3,200,550,Москва,550.0
1338,smart,6,176,28,17,500,50,15360,3,3,200,550,Москва,950.0
1338,smart,7,282,26,23,500,50,15360,3,3,200,550,Москва,2150.0
1338,smart,8,151,23,17,500,50,15360,3,3,200,550,Москва,950.0
1338,smart,9,180,33,19,500,50,15360,3,3,200,550,Москва,1350.0
1338,smart,10,186,34,17,500,50,15360,3,3,200,550,Москва,950.0
1338,smart,11,186,29,14,500,50,15360,3,3,200,550,Москва,550.0
1338,smart,12,151,30,18,500,50,15360,3,3,200,550,Москва,1150.0
1339,smart,8,301,0,12,500,50,15360,3,3,200,550,Москва,550.0
1339,smart,9,417,0,20,500,50,15360,3,3,200,550,Москва,1550.0
1339,smart,10,672,0,18,500,50,15360,3,3,200,550,Москва,1666.0
1339,smart,11,539,0,25,500,50,15360,3,3,200,550,Москва,2667.0
1339,smart,12,617,0,21,500,50,15360,3,3,200,550,Москва,2101.0
1340,smart,1,25,0,3,500,50,15360,3,3,200,550,Пенза,550.0
1340,smart,2,425,7,17,500,50,15360,3,3,200,550,Пенза,950.0
1340,smart,3,495,11,22,500,50,15360,3,3,200,550,Пенза,1950.0
1340,smart,4,604,16,14,500,50,15360,3,3,200,550,Пенза,862.0
1340,smart,5,437,7,18,500,50,15360,3,3,200,550,Пенза,1150.0
1340,smart,6,535,14,19,500,50,15360,3,3,200,550,Пенза,1455.0
1340,smart,7,394,11,16,500,50,15360,3,3,200,550,Пенза,750.0
1340,smart,8,479,12,19,500,50,15360,3,3,200,550,Пенза,1350.0
1340,smart,9,408,8,22,500,50,15360,3,3,200,550,Пенза,1950.0
1340,smart,10,352,11,19,500,50,15360,3,3,200,550,Пенза,1350.0
1340,smart,11,539,9,16,500,50,15360,3,3,200,550,Пенза,867.0
1340,smart,12,464,14,17,500,50,15360,3,3,200,550,Пенза,950.0
1341,ultra,6,439,21,12,3000,1000,30720,1,1,150,1950,Москва,1950.0
1341,ultra,7,1143,53,28,3000,1000,30720,1,1,150,1950,Москва,1950.0
1341,ultra,8,1321,74,28,3000,1000,30720,1,1,150,1950,Москва,1950.0
1341,ultra,9,1199,48,32,3000,1000,30720,1,1,150,1950,Москва,2250.0
1341,ultra,10,1236,74,34,3000,1000,30720,1,1,150,1950,Москва,2550.0
1341,ultra,11,1212,71,31,3000,1000,30720,1,1,150,1950,Москва,2100.0
1341,ultra,12,1233,58,27,3000,1000,30720,1,1,150,1950,Москва,1950.0
1342,smart,10,153,33,10,500,50,15360,3,3,200,550,Новосибирск,550.0
1342,smart,11,327,88,19,500,50,15360,3,3,200,550,Новосибирск,1464.0
1342,smart,12,619,92,19,500,50,15360,3,3,200,550,Новосибирск,1833.0
1343,ultra,8,297,40,4,3000,1000,30720,1,1,150,1950,Кострома,1950.0
1343,ultra,9,488,65,8,3000,1000,30720,1,1,150,1950,Кострома,1950.0
1343,ultra,10,344,73,5,3000,1000,30720,1,1,150,1950,Кострома,1950.0
1344,ultra,4,909,112,22,3000,1000,30720,1,1,150,1950,Воронеж,1950.0
1344,ultra,5,762,124,23,3000,1000,30720,1,1,150,1950,Воронеж,1950.0
1344,ultra,6,825,119,22,3000,1000,30720,1,1,150,1950,Воронеж,1950.0
1344,ultra,7,732,128,27,3000,1000,30720,1,1,150,1950,Воронеж,1950.0
1344,ultra,8,767,132,21,3000,1000,30720,1,1,150,1950,Воронеж,1950.0
1344,ultra,9,901,129,27,3000,1000,30720,1,1,150,1950,Воронеж,1950.0
1344,ultra,10,851,135,24,3000,1000,30720,1,1,150,1950,Воронеж,1950.0
1344,ultra,11,848,124,17,3000,1000,30720,1,1,150,1950,Воронеж,1950.0
1344,ultra,12,823,122,18,3000,1000,30720,1,1,150,1950,Воронеж,1950.0
1345,smart,6,346,4,16,500,50,15360,3,3,200,550,Москва,750.0
1345,smart,7,330,5,14,500,50,15360,3,3,200,550,Москва,550.0
1345,smart,8,281,3,24,500,50,15360,3,3,200,550,Москва,2350.0
1345,smart,9,284,2,14,500,50,15360,3,3,200,550,Москва,550.0
1345,smart,10,296,6,20,500,50,15360,3,3,200,550,Москва,1550.0
1345,smart,11,170,4,17,500,50,15360,3,3,200,550,Москва,950.0
1345,smart,12,267,4,15,500,50,15360,3,3,200,550,Москва,550.0
1346,ultra,7,868,52,3,3000,1000,30720,1,1,150,1950,Саратов,1950.0
1346,ultra,8,1018,41,3,3000,1000,30720,1,1,150,1950,Саратов,1950.0
1346,ultra,9,982,56,3,3000,1000,30720,1,1,150,1950,Саратов,1950.0
1346,ultra,10,723,49,6,3000,1000,30720,1,1,150,1950,Саратов,1950.0
1346,ultra,11,745,46,7,3000,1000,30720,1,1,150,1950,Саратов,1950.0
1346,ultra,12,869,50,5,3000,1000,30720,1,1,150,1950,Саратов,1950.0
1347,ultra,11,1129,137,21,3000,1000,30720,1,1,150,1950,Москва,1950.0
1347,ultra,12,1208,159,20,3000,1000,30720,1,1,150,1950,Москва,1950.0
1348,ultra,10,526,21,19,3000,1000,30720,1,1,150,1950,Москва,1950.0
1348,ultra,11,515,40,27,3000,1000,30720,1,1,150,1950,Москва,1950.0
1348,ultra,12,661,41,30,3000,1000,30720,1,1,150,1950,Москва,1950.0
1349,ultra,12,882,75,27,3000,1000,30720,1,1,150,1950,Севастополь,1950.0
1350,ultra,8,35,2,2,3000,1000,30720,1,1,150,1950,Омск,1950.0
1350,ultra,9,303,42,19,3000,1000,30720,1,1,150,1950,Омск,1950.0
1350,ultra,10,456,55,24,3000,1000,30720,1,1,150,1950,Омск,1950.0
1350,ultra,11,478,60,19,3000,1000,30720,1,1,150,1950,Омск,1950.0
1350,ultra,12,396,56,22,3000,1000,30720,1,1,150,1950,Омск,1950.0
1351,smart,11,398,5,9,500,50,15360,3,3,200,550,Казань,550.0
1351,smart,12,905,15,11,500,50,15360,3,3,200,550,Казань,1765.0
1352,ultra,4,412,4,7,3000,1000,30720,1,1,150,1950,Рязань,1950.0
1352,ultra,5,780,10,18,3000,1000,30720,1,1,150,1950,Рязань,1950.0
1352,ultra,6,805,9,21,3000,1000,30720,1,1,150,1950,Рязань,1950.0
1352,ultra,7,827,3,18,3000,1000,30720,1,1,150,1950,Рязань,1950.0
1352,ultra,8,796,14,16,3000,1000,30720,1,1,150,1950,Рязань,1950.0
1352,ultra,9,743,10,17,3000,1000,30720,1,1,150,1950,Рязань,1950.0
1352,ultra,10,816,6,16,3000,1000,30720,1,1,150,1950,Рязань,1950.0
1352,ultra,11,881,7,19,3000,1000,30720,1,1,150,1950,Рязань,1950.0
1352,ultra,12,706,9,19,3000,1000,30720,1,1,150,1950,Рязань,1950.0
1353,smart,4,116,13,6,500,50,15360,3,3,200,550,Санкт-Петербург,550.0
1353,smart,5,374,53,20,500,50,15360,3,3,200,550,Санкт-Петербург,1559.0
1353,smart,6,385,54,22,500,50,15360,3,3,200,550,Санкт-Петербург,1962.0
1353,smart,7,374,52,22,500,50,15360,3,3,200,550,Санкт-Петербург,1956.0
1353,smart,8,483,48,16,500,50,15360,3,3,200,550,Санкт-Петербург,750.0
1353,smart,9,342,50,17,500,50,15360,3,3,200,550,Санкт-Петербург,950.0
1353,smart,10,329,60,19,500,50,15360,3,3,200,550,Санкт-Петербург,1380.0
1353,smart,11,348,55,17,500,50,15360,3,3,200,550,Санкт-Петербург,965.0
1354,smart,8,148,39,7,500,50,15360,3,3,200,550,Сочи,550.0
1354,smart,9,304,65,19,500,50,15360,3,3,200,550,Сочи,1395.0
1354,smart,10,263,69,19,500,50,15360,3,3,200,550,Сочи,1407.0
1354,smart,11,300,90,27,500,50,15360,3,3,200,550,Сочи,3070.0
1354,smart,12,275,92,27,500,50,15360,3,3,200,550,Сочи,3076.0
1355,smart,7,119,4,4,500,50,15360,3,3,200,550,Киров,550.0
1355,smart,8,349,14,22,500,50,15360,3,3,200,550,Киров,1950.0
1355,smart,9,556,16,16,500,50,15360,3,3,200,550,Киров,918.0
1355,smart,10,345,21,17,500,50,15360,3,3,200,550,Киров,950.0
1355,smart,11,335,25,14,500,50,15360,3,3,200,550,Киров,550.0
1356,ultra,4,308,65,17,3000,1000,30720,1,1,150,1950,Москва,1950.0
1356,ultra,5,935,133,42,3000,1000,30720,1,1,150,1950,Москва,3750.0
1356,ultra,6,741,158,39,3000,1000,30720,1,1,150,1950,Москва,3300.0
1356,ultra,7,850,144,30,3000,1000,30720,1,1,150,1950,Москва,1950.0
1356,ultra,8,916,141,30,3000,1000,30720,1,1,150,1950,Москва,1950.0
1356,ultra,9,866,130,29,3000,1000,30720,1,1,150,1950,Москва,1950.0
1356,ultra,10,750,153,33,3000,1000,30720,1,1,150,1950,Москва,2400.0
1356,ultra,11,1030,162,24,3000,1000,30720,1,1,150,1950,Москва,1950.0
1356,ultra,12,897,138,39,3000,1000,30720,1,1,150,1950,Москва,3300.0
1357,smart,9,342,48,15,500,50,15360,3,3,200,550,Томск,550.0
1357,smart,10,489,35,20,500,50,15360,3,3,200,550,Томск,1550.0
1357,smart,11,330,48,22,500,50,15360,3,3,200,550,Томск,1950.0
1357,smart,12,321,33,18,500,50,15360,3,3,200,550,Томск,1150.0
1358,smart,2,129,12,3,500,50,15360,3,3,200,550,Ставрополь,550.0
1358,smart,3,621,70,10,500,50,15360,3,3,200,550,Ставрополь,973.0
1358,smart,4,531,55,9,500,50,15360,3,3,200,550,Ставрополь,658.0
1358,smart,5,614,60,12,500,50,15360,3,3,200,550,Ставрополь,922.0
1358,smart,6,660,55,11,500,50,15360,3,3,200,550,Ставрополь,1045.0
1358,smart,7,480,57,11,500,50,15360,3,3,200,550,Ставрополь,571.0
1358,smart,8,573,55,11,500,50,15360,3,3,200,550,Ставрополь,784.0
1358,smart,9,561,65,11,500,50,15360,3,3,200,550,Ставрополь,778.0
1358,smart,10,500,64,13,500,50,15360,3,3,200,550,Ставрополь,592.0
1358,smart,11,607,66,9,500,50,15360,3,3,200,550,Ставрополь,919.0
1358,smart,12,610,57,9,500,50,15360,3,3,200,550,Ставрополь,901.0
1359,smart,7,110,5,1,500,50,15360,3,3,200,550,Москва,550.0
1359,smart,8,681,18,12,500,50,15360,3,3,200,550,Москва,1093.0
1359,smart,9,521,17,14,500,50,15360,3,3,200,550,Москва,613.0
1359,smart,10,671,10,16,500,50,15360,3,3,200,550,Москва,1263.0
1359,smart,11,741,12,17,500,50,15360,3,3,200,550,Москва,1673.0
1359,smart,12,726,22,18,500,50,15360,3,3,200,550,Москва,1828.0
1360,ultra,3,415,0,5,3000,1000,30720,1,1,150,1950,Санкт-Петербург,1950.0
1360,ultra,4,802,0,12,3000,1000,30720,1,1,150,1950,Санкт-Петербург,1950.0
1360,ultra,5,924,0,11,3000,1000,30720,1,1,150,1950,Санкт-Петербург,1950.0
1360,ultra,6,791,0,8,3000,1000,30720,1,1,150,1950,Санкт-Петербург,1950.0
1360,ultra,7,833,0,13,3000,1000,30720,1,1,150,1950,Санкт-Петербург,1950.0
1360,ultra,8,771,0,9,3000,1000,30720,1,1,150,1950,Санкт-Петербург,1950.0
1360,ultra,9,752,0,12,3000,1000,30720,1,1,150,1950,Санкт-Петербург,1950.0
1360,ultra,10,817,0,11,3000,1000,30720,1,1,150,1950,Санкт-Петербург,1950.0
1360,ultra,11,596,0,6,3000,1000,30720,1,1,150,1950,Санкт-Петербург,1950.0
1360,ultra,12,825,0,8,3000,1000,30720,1,1,150,1950,Санкт-Петербург,1950.0
1361,ultra,9,169,33,22,3000,1000,30720,1,1,150,1950,Екатеринбург,1950.0
1361,ultra,10,203,35,28,3000,1000,30720,1,1,150,1950,Екатеринбург,1950.0
1361,ultra,11,245,35,27,3000,1000,30720,1,1,150,1950,Екатеринбург,1950.0
1361,ultra,12,311,37,29,3000,1000,30720,1,1,150,1950,Екатеринбург,1950.0
1362,smart,8,522,11,17,500,50,15360,3,3,200,550,Владимир,1016.0
1362,smart,9,507,13,11,500,50,15360,3,3,200,550,Владимир,571.0
1362,smart,10,505,11,11,500,50,15360,3,3,200,550,Владимир,565.0
1362,smart,11,532,10,9,500,50,15360,3,3,200,550,Владимир,646.0
1362,smart,12,315,10,8,500,50,15360,3,3,200,550,Владимир,550.0
1363,ultra,3,841,0,20,3000,1000,30720,1,1,150,1950,Нижний Тагил,1950.0
1363,ultra,4,629,0,15,3000,1000,30720,1,1,150,1950,Нижний Тагил,1950.0
1363,ultra,5,616,0,15,3000,1000,30720,1,1,150,1950,Нижний Тагил,1950.0
1363,ultra,6,779,0,17,3000,1000,30720,1,1,150,1950,Нижний Тагил,1950.0
1363,ultra,7,988,0,19,3000,1000,30720,1,1,150,1950,Нижний Тагил,1950.0
1363,ultra,8,894,0,22,3000,1000,30720,1,1,150,1950,Нижний Тагил,1950.0
1363,ultra,9,813,0,17,3000,1000,30720,1,1,150,1950,Нижний Тагил,1950.0
1363,ultra,10,874,0,17,3000,1000,30720,1,1,150,1950,Нижний Тагил,1950.0
1363,ultra,11,732,0,21,3000,1000,30720,1,1,150,1950,Нижний Тагил,1950.0
1363,ultra,12,922,0,25,3000,1000,30720,1,1,150,1950,Нижний Тагил,1950.0
1364,ultra,8,87,4,3,3000,1000,30720,1,1,150,1950,Екатеринбург,1950.0
1364,ultra,9,1040,84,23,3000,1000,30720,1,1,150,1950,Екатеринбург,1950.0
1364,ultra,10,925,109,19,3000,1000,30720,1,1,150,1950,Екатеринбург,1950.0
1364,ultra,11,1010,109,23,3000,1000,30720,1,1,150,1950,Екатеринбург,1950.0
1364,ultra,12,1028,79,28,3000,1000,30720,1,1,150,1950,Екатеринбург,1950.0
1365,smart,10,43,1,0,500,50,15360,3,3,200,550,Ростов-на-Дону,550.0
1365,smart,11,618,46,24,500,50,15360,3,3,200,550,Ростов-на-Дону,2704.0
1365,smart,12,782,43,30,500,50,15360,3,3,200,550,Ростов-на-Дону,4396.0
1366,smart,6,166,19,5,500,50,15360,3,3,200,550,Санкт-Петербург,550.0
1366,smart,7,223,41,12,500,50,15360,3,3,200,550,Санкт-Петербург,550.0
1366,smart,8,143,30,8,500,50,15360,3,3,200,550,Санкт-Петербург,550.0
1366,smart,9,155,39,8,500,50,15360,3,3,200,550,Санкт-Петербург,550.0
1366,smart,10,254,44,7,500,50,15360,3,3,200,550,Санкт-Петербург,550.0
1366,smart,11,254,42,9,500,50,15360,3,3,200,550,Санкт-Петербург,550.0
1366,smart,12,229,30,12,500,50,15360,3,3,200,550,Санкт-Петербург,550.0
1367,ultra,9,318,0,12,3000,1000,30720,1,1,150,1950,Москва,1950.0
1367,ultra,10,558,0,23,3000,1000,30720,1,1,150,1950,Москва,1950.0
1367,ultra,11,266,0,11,3000,1000,30720,1,1,150,1950,Москва,1950.0
1368,smart,12,403,89,20,500,50,15360,3,3,200,550,Омск,1667.0
1369,ultra,8,74,44,11,3000,1000,30720,1,1,150,1950,Краснодар,1950.0
1369,ultra,9,207,102,27,3000,1000,30720,1,1,150,1950,Краснодар,1950.0
1369,ultra,10,177,126,23,3000,1000,30720,1,1,150,1950,Краснодар,1950.0
1369,ultra,11,188,118,28,3000,1000,30720,1,1,150,1950,Краснодар,1950.0
1369,ultra,12,286,115,23,3000,1000,30720,1,1,150,1950,Краснодар,1950.0
1370,smart,2,227,0,12,500,50,15360,3,3,200,550,Новороссийск,550.0
1370,smart,3,90,0,23,500,50,15360,3,3,200,550,Новороссийск,2150.0
1370,smart,4,159,0,13,500,50,15360,3,3,200,550,Новороссийск,550.0
1370,smart,5,208,0,14,500,50,15360,3,3,200,550,Новороссийск,550.0
1370,smart,6,174,0,18,500,50,15360,3,3,200,550,Новороссийск,1150.0
1370,smart,7,219,0,17,500,50,15360,3,3,200,550,Новороссийск,950.0
1370,smart,8,123,0,19,500,50,15360,3,3,200,550,Новороссийск,1350.0
1370,smart,9,158,0,15,500,50,15360,3,3,200,550,Новороссийск,550.0
1370,smart,10,108,0,14,500,50,15360,3,3,200,550,Новороссийск,550.0
1372,smart,1,114,12,5,500,50,15360,3,3,200,550,Магнитогорск,550.0
1372,smart,2,560,29,10,500,50,15360,3,3,200,550,Магнитогорск,730.0
1372,smart,3,473,32,13,500,50,15360,3,3,200,550,Магнитогорск,550.0
1372,smart,4,291,34,12,500,50,15360,3,3,200,550,Магнитогорск,550.0
1372,smart,5,478,43,12,500,50,15360,3,3,200,550,Магнитогорск,550.0
1372,smart,6,448,34,10,500,50,15360,3,3,200,550,Магнитогорск,550.0
1372,smart,7,380,41,14,500,50,15360,3,3,200,550,Магнитогорск,550.0
1372,smart,8,466,24,14,500,50,15360,3,3,200,550,Магнитогорск,550.0
1372,smart,9,547,41,9,500,50,15360,3,3,200,550,Магнитогорск,691.0
1372,smart,10,437,40,11,500,50,15360,3,3,200,550,Магнитогорск,550.0
1372,smart,11,462,42,17,500,50,15360,3,3,200,550,Магнитогорск,950.0
1372,smart,12,515,36,17,500,50,15360,3,3,200,550,Магнитогорск,995.0
1373,smart,1,0,28,9,500,50,15360,3,3,200,550,Улан-Удэ,550.0
1373,smart,2,2,38,20,500,50,15360,3,3,200,550,Улан-Удэ,1550.0
1373,smart,3,22,55,23,500,50,15360,3,3,200,550,Улан-Удэ,2165.0
1373,smart,4,0,48,20,500,50,15360,3,3,200,550,Улан-Удэ,1550.0
1373,smart,5,13,48,30,500,50,15360,3,3,200,550,Улан-Удэ,3550.0
1373,smart,6,0,48,13,500,50,15360,3,3,200,550,Улан-Удэ,550.0
1373,smart,7,11,50,22,500,50,15360,3,3,200,550,Улан-Удэ,1950.0
1373,smart,8,7,56,18,500,50,15360,3,3,200,550,Улан-Удэ,1168.0
1373,smart,9,23,42,23,500,50,15360,3,3,200,550,Улан-Удэ,2150.0
1373,smart,10,23,55,19,500,50,15360,3,3,200,550,Улан-Удэ,1365.0
1373,smart,11,20,41,17,500,50,15360,3,3,200,550,Улан-Удэ,950.0
1373,smart,12,15,55,24,500,50,15360,3,3,200,550,Улан-Удэ,2365.0
1374,smart,4,558,69,18,500,50,15360,3,3,200,550,Махачкала,1381.0
1374,smart,5,550,86,17,500,50,15360,3,3,200,550,Махачкала,1208.0
1374,smart,6,478,67,19,500,50,15360,3,3,200,550,Махачкала,1401.0
1374,smart,7,495,57,21,500,50,15360,3,3,200,550,Махачкала,1771.0
1374,smart,8,564,77,16,500,50,15360,3,3,200,550,Махачкала,1023.0
1374,smart,9,391,73,14,500,50,15360,3,3,200,550,Махачкала,619.0
1374,smart,10,617,80,21,500,50,15360,3,3,200,550,Махачкала,2191.0
1374,smart,11,463,73,18,500,50,15360,3,3,200,550,Махачкала,1219.0
1374,smart,12,462,66,21,500,50,15360,3,3,200,550,Махачкала,1798.0
1375,ultra,1,852,75,15,3000,1000,30720,1,1,150,1950,Пенза,1950.0
1375,ultra,2,919,59,12,3000,1000,30720,1,1,150,1950,Пенза,1950.0
1375,ultra,3,1059,64,28,3000,1000,30720,1,1,150,1950,Пенза,1950.0
1375,ultra,4,830,61,17,3000,1000,30720,1,1,150,1950,Пенза,1950.0
1375,ultra,5,961,79,20,3000,1000,30720,1,1,150,1950,Пенза,1950.0
1375,ultra,6,1045,72,20,3000,1000,30720,1,1,150,1950,Пенза,1950.0
1375,ultra,7,902,65,15,3000,1000,30720,1,1,150,1950,Пенза,1950.0
1375,ultra,8,1087,59,19,3000,1000,30720,1,1,150,1950,Пенза,1950.0
1375,ultra,9,885,64,20,3000,1000,30720,1,1,150,1950,Пенза,1950.0
1375,ultra,10,1020,76,22,3000,1000,30720,1,1,150,1950,Пенза,1950.0
1375,ultra,11,980,67,20,3000,1000,30720,1,1,150,1950,Пенза,1950.0
1375,ultra,12,858,75,22,3000,1000,30720,1,1,150,1950,Пенза,1950.0
1376,smart,5,2,0,1,500,50,15360,3,3,200,550,Самара,550.0
1376,smart,6,396,0,17,500,50,15360,3,3,200,550,Самара,950.0
1376,smart,7,373,0,16,500,50,15360,3,3,200,550,Самара,750.0
1376,smart,8,453,0,19,500,50,15360,3,3,200,550,Самара,1350.0
1376,smart,9,454,0,18,500,50,15360,3,3,200,550,Самара,1150.0
1376,smart,10,490,0,21,500,50,15360,3,3,200,550,Самара,1750.0
1376,smart,11,291,0,19,500,50,15360,3,3,200,550,Самара,1350.0
1376,smart,12,583,0,15,500,50,15360,3,3,200,550,Самара,799.0
1377,ultra,2,179,2,0,3000,1000,30720,1,1,150,1950,Брянск,1950.0
1377,ultra,3,1609,20,3,3000,1000,30720,1,1,150,1950,Брянск,1950.0
1377,ultra,4,1096,17,2,3000,1000,30720,1,1,150,1950,Брянск,1950.0
1377,ultra,5,1097,16,7,3000,1000,30720,1,1,150,1950,Брянск,1950.0
1377,ultra,6,1290,15,5,3000,1000,30720,1,1,150,1950,Брянск,1950.0
1377,ultra,7,1311,13,5,3000,1000,30720,1,1,150,1950,Брянск,1950.0
1377,ultra,8,1273,11,6,3000,1000,30720,1,1,150,1950,Брянск,1950.0
1377,ultra,9,1297,17,5,3000,1000,30720,1,1,150,1950,Брянск,1950.0
1377,ultra,10,1401,10,5,3000,1000,30720,1,1,150,1950,Брянск,1950.0
1377,ultra,11,1161,16,6,3000,1000,30720,1,1,150,1950,Брянск,1950.0
1377,ultra,12,1259,17,2,3000,1000,30720,1,1,150,1950,Брянск,1950.0
1378,smart,1,230,6,5,500,50,15360,3,3,200,550,Иркутск,550.0
1378,smart,2,548,13,11,500,50,15360,3,3,200,550,Иркутск,694.0
1378,smart,3,421,12,13,500,50,15360,3,3,200,550,Иркутск,550.0
1378,smart,4,572,17,11,500,50,15360,3,3,200,550,Иркутск,766.0
1378,smart,5,529,14,14,500,50,15360,3,3,200,550,Иркутск,637.0
1378,smart,6,486,17,14,500,50,15360,3,3,200,550,Иркутск,550.0
1378,smart,7,517,12,12,500,50,15360,3,3,200,550,Иркутск,601.0
1378,smart,8,447,11,14,500,50,15360,3,3,200,550,Иркутск,550.0
1378,smart,9,457,17,15,500,50,15360,3,3,200,550,Иркутск,550.0
1378,smart,10,453,9,14,500,50,15360,3,3,200,550,Иркутск,550.0
1378,smart,11,437,9,11,500,50,15360,3,3,200,550,Иркутск,550.0
1378,smart,12,563,7,14,500,50,15360,3,3,200,550,Иркутск,739.0
1379,ultra,8,537,81,11,3000,1000,30720,1,1,150,1950,Москва,1950.0
1379,ultra,9,841,112,21,3000,1000,30720,1,1,150,1950,Москва,1950.0
1379,ultra,10,964,129,26,3000,1000,30720,1,1,150,1950,Москва,1950.0
1379,ultra,11,1089,99,40,3000,1000,30720,1,1,150,1950,Москва,3450.0
1379,ultra,12,1012,104,27,3000,1000,30720,1,1,150,1950,Москва,1950.0
1380,ultra,5,519,25,28,3000,1000,30720,1,1,150,1950,Ростов-на-Дону,1950.0
1380,ultra,6,824,23,42,3000,1000,30720,1,1,150,1950,Ростов-на-Дону,3750.0
1380,ultra,7,806,26,38,3000,1000,30720,1,1,150,1950,Ростов-на-Дону,3150.0
1380,ultra,8,629,26,33,3000,1000,30720,1,1,150,1950,Ростов-на-Дону,2400.0
1380,ultra,9,744,22,29,3000,1000,30720,1,1,150,1950,Ростов-на-Дону,1950.0
1380,ultra,10,688,29,37,3000,1000,30720,1,1,150,1950,Ростов-на-Дону,3000.0
1380,ultra,11,597,27,32,3000,1000,30720,1,1,150,1950,Ростов-на-Дону,2250.0
1380,ultra,12,735,30,43,3000,1000,30720,1,1,150,1950,Ростов-на-Дону,3900.0
1381,ultra,1,382,32,15,3000,1000,30720,1,1,150,1950,Москва,1950.0
1381,ultra,2,762,44,28,3000,1000,30720,1,1,150,1950,Москва,1950.0
1381,ultra,3,866,41,25,3000,1000,30720,1,1,150,1950,Москва,1950.0
1381,ultra,4,619,40,28,3000,1000,30720,1,1,150,1950,Москва,1950.0
1381,ultra,5,679,46,30,3000,1000,30720,1,1,150,1950,Москва,1950.0
1381,ultra,6,752,36,23,3000,1000,30720,1,1,150,1950,Москва,1950.0
1381,ultra,7,673,29,27,3000,1000,30720,1,1,150,1950,Москва,1950.0
1381,ultra,8,654,42,22,3000,1000,30720,1,1,150,1950,Москва,1950.0
1381,ultra,9,562,43,32,3000,1000,30720,1,1,150,1950,Москва,2250.0
1381,ultra,10,643,43,23,3000,1000,30720,1,1,150,1950,Москва,1950.0
1381,ultra,11,567,41,27,3000,1000,30720,1,1,150,1950,Москва,1950.0
1381,ultra,12,762,55,22,3000,1000,30720,1,1,150,1950,Москва,1950.0
1382,ultra,3,98,20,4,3000,1000,30720,1,1,150,1950,Самара,1950.0
1382,ultra,4,691,80,11,3000,1000,30720,1,1,150,1950,Самара,1950.0
1382,ultra,5,625,88,14,3000,1000,30720,1,1,150,1950,Самара,1950.0
1382,ultra,6,681,74,8,3000,1000,30720,1,1,150,1950,Самара,1950.0
1382,ultra,7,608,75,8,3000,1000,30720,1,1,150,1950,Самара,1950.0
1382,ultra,8,750,98,11,3000,1000,30720,1,1,150,1950,Самара,1950.0
1382,ultra,9,539,61,8,3000,1000,30720,1,1,150,1950,Самара,1950.0
1382,ultra,10,799,66,11,3000,1000,30720,1,1,150,1950,Самара,1950.0
1382,ultra,11,694,67,11,3000,1000,30720,1,1,150,1950,Самара,1950.0
1382,ultra,12,751,81,9,3000,1000,30720,1,1,150,1950,Самара,1950.0
1383,smart,10,101,1,4,500,50,15360,3,3,200,550,Ульяновск,550.0
1383,smart,11,262,14,16,500,50,15360,3,3,200,550,Ульяновск,750.0
1383,smart,12,285,9,10,500,50,15360,3,3,200,550,Ульяновск,550.0
1384,smart,4,85,0,1,500,50,15360,3,3,200,550,Нижний Новгород,550.0
1384,smart,5,737,4,23,500,50,15360,3,3,200,550,Нижний Новгород,2861.0
1384,smart,6,608,2,22,500,50,15360,3,3,200,550,Нижний Новгород,2274.0
1384,smart,7,618,3,18,500,50,15360,3,3,200,550,Нижний Новгород,1504.0
1384,smart,8,682,1,18,500,50,15360,3,3,200,550,Нижний Новгород,1696.0
1384,smart,9,707,3,22,500,50,15360,3,3,200,550,Нижний Новгород,2571.0
1384,smart,10,667,1,26,500,50,15360,3,3,200,550,Нижний Новгород,3251.0
1384,smart,11,673,2,18,500,50,15360,3,3,200,550,Нижний Новгород,1669.0
1384,smart,12,682,2,20,500,50,15360,3,3,200,550,Нижний Новгород,2096.0
1385,ultra,1,270,72,19,3000,1000,30720,1,1,150,1950,Москва,1950.0
1385,ultra,2,277,90,32,3000,1000,30720,1,1,150,1950,Москва,2250.0
1385,ultra,3,310,123,31,3000,1000,30720,1,1,150,1950,Москва,2100.0
1385,ultra,4,348,96,29,3000,1000,30720,1,1,150,1950,Москва,1950.0
1385,ultra,5,343,127,29,3000,1000,30720,1,1,150,1950,Москва,1950.0
1385,ultra,6,356,103,27,3000,1000,30720,1,1,150,1950,Москва,1950.0
1385,ultra,7,383,142,37,3000,1000,30720,1,1,150,1950,Москва,3000.0
1385,ultra,8,326,117,35,3000,1000,30720,1,1,150,1950,Москва,2700.0
1385,ultra,9,374,113,34,3000,1000,30720,1,1,150,1950,Москва,2550.0
1385,ultra,10,368,127,27,3000,1000,30720,1,1,150,1950,Москва,1950.0
1385,ultra,11,273,126,34,3000,1000,30720,1,1,150,1950,Москва,2550.0
1385,ultra,12,333,144,38,3000,1000,30720,1,1,150,1950,Москва,3150.0
1386,smart,8,238,24,15,500,50,15360,3,3,200,550,Новосибирск,550.0
1386,smart,9,352,53,31,500,50,15360,3,3,200,550,Новосибирск,3759.0
1386,smart,10,432,43,25,500,50,15360,3,3,200,550,Новосибирск,2550.0
1386,smart,11,396,40,25,500,50,15360,3,3,200,550,Новосибирск,2550.0
1386,smart,12,492,40,20,500,50,15360,3,3,200,550,Новосибирск,1550.0
1387,smart,12,360,85,22,500,50,15360,3,3,200,550,Краснодар,2055.0
1388,smart,8,107,0,3,500,50,15360,3,3,200,550,Вологда,550.0
1388,smart,9,481,0,23,500,50,15360,3,3,200,550,Вологда,2150.0
1388,smart,10,421,0,27,500,50,15360,3,3,200,550,Вологда,2950.0
1388,smart,11,506,0,25,500,50,15360,3,3,200,550,Вологда,2568.0
1388,smart,12,516,0,22,500,50,15360,3,3,200,550,Вологда,1998.0
1389,smart,7,189,0,4,500,50,15360,3,3,200,550,Москва,550.0
1389,smart,8,389,1,22,500,50,15360,3,3,200,550,Москва,1950.0
1389,smart,9,257,0,14,500,50,15360,3,3,200,550,Москва,550.0
1389,smart,10,329,3,19,500,50,15360,3,3,200,550,Москва,1350.0
1389,smart,11,263,1,16,500,50,15360,3,3,200,550,Москва,750.0
1389,smart,12,292,1,17,500,50,15360,3,3,200,550,Москва,950.0
1390,smart,7,2,1,3,500,50,15360,3,3,200,550,Санкт-Петербург,550.0
1390,smart,8,224,27,18,500,50,15360,3,3,200,550,Санкт-Петербург,1150.0
1390,smart,9,198,40,19,500,50,15360,3,3,200,550,Санкт-Петербург,1350.0
1390,smart,10,183,31,17,500,50,15360,3,3,200,550,Санкт-Петербург,950.0
1390,smart,11,230,30,23,500,50,15360,3,3,200,550,Санкт-Петербург,2150.0
1390,smart,12,185,45,23,500,50,15360,3,3,200,550,Санкт-Петербург,2150.0
1391,ultra,5,607,1,16,3000,1000,30720,1,1,150,1950,Стерлитамак,1950.0
1391,ultra,6,719,4,25,3000,1000,30720,1,1,150,1950,Стерлитамак,1950.0
1391,ultra,7,702,2,21,3000,1000,30720,1,1,150,1950,Стерлитамак,1950.0
1391,ultra,8,965,6,35,3000,1000,30720,1,1,150,1950,Стерлитамак,2700.0
1391,ultra,9,845,3,16,3000,1000,30720,1,1,150,1950,Стерлитамак,1950.0
1391,ultra,10,837,4,24,3000,1000,30720,1,1,150,1950,Стерлитамак,1950.0
1391,ultra,11,669,3,27,3000,1000,30720,1,1,150,1950,Стерлитамак,1950.0
1391,ultra,12,681,1,28,3000,1000,30720,1,1,150,1950,Стерлитамак,1950.0
1392,ultra,2,13,3,0,3000,1000,30720,1,1,150,1950,Челябинск,1950.0
1392,ultra,3,467,38,23,3000,1000,30720,1,1,150,1950,Челябинск,1950.0
1392,ultra,4,436,33,15,3000,1000,30720,1,1,150,1950,Челябинск,1950.0
1392,ultra,5,364,36,16,3000,1000,30720,1,1,150,1950,Челябинск,1950.0
1392,ultra,6,415,49,20,3000,1000,30720,1,1,150,1950,Челябинск,1950.0
1392,ultra,7,452,37,22,3000,1000,30720,1,1,150,1950,Челябинск,1950.0
1392,ultra,8,496,32,16,3000,1000,30720,1,1,150,1950,Челябинск,1950.0
1392,ultra,9,377,38,22,3000,1000,30720,1,1,150,1950,Челябинск,1950.0
1393,smart,2,171,16,7,500,50,15360,3,3,200,550,Краснодар,550.0
1393,smart,3,680,38,17,500,50,15360,3,3,200,550,Краснодар,1490.0
1393,smart,4,487,36,13,500,50,15360,3,3,200,550,Краснодар,550.0
1393,smart,5,574,66,20,500,50,15360,3,3,200,550,Краснодар,1820.0
1393,smart,6,518,51,12,500,50,15360,3,3,200,550,Краснодар,607.0
1393,smart,7,560,56,17,500,50,15360,3,3,200,550,Краснодар,1148.0
1393,smart,8,554,60,14,500,50,15360,3,3,200,550,Краснодар,742.0
1393,smart,9,566,54,21,500,50,15360,3,3,200,550,Краснодар,1960.0
1393,smart,10,636,56,19,500,50,15360,3,3,200,550,Краснодар,1776.0
1393,smart,11,604,47,16,500,50,15360,3,3,200,550,Краснодар,1062.0
1393,smart,12,651,59,17,500,50,15360,3,3,200,550,Краснодар,1430.0
1394,smart,1,238,1,8,500,50,15360,3,3,200,550,Орёл,550.0
1394,smart,2,559,3,5,500,50,15360,3,3,200,550,Орёл,727.0
1394,smart,3,463,5,7,500,50,15360,3,3,200,550,Орёл,550.0
1394,smart,4,439,6,7,500,50,15360,3,3,200,550,Орёл,550.0
1394,smart,5,497,2,12,500,50,15360,3,3,200,550,Орёл,550.0
1394,smart,6,428,4,6,500,50,15360,3,3,200,550,Орёл,550.0
1394,smart,7,455,6,7,500,50,15360,3,3,200,550,Орёл,550.0
1394,smart,8,461,1,9,500,50,15360,3,3,200,550,Орёл,550.0
1394,smart,9,440,7,9,500,50,15360,3,3,200,550,Орёл,550.0
1394,smart,10,390,2,9,500,50,15360,3,3,200,550,Орёл,550.0
1394,smart,11,511,5,7,500,50,15360,3,3,200,550,Орёл,583.0
1394,smart,12,480,6,6,500,50,15360,3,3,200,550,Орёл,550.0
1395,smart,1,492,25,23,500,50,15360,3,3,200,550,Москва,2150.0
1395,smart,2,584,20,13,500,50,15360,3,3,200,550,Москва,802.0
1395,smart,3,668,33,21,500,50,15360,3,3,200,550,Москва,2254.0
1395,smart,4,657,37,19,500,50,15360,3,3,200,550,Москва,1821.0
1395,smart,5,446,29,15,500,50,15360,3,3,200,550,Москва,550.0
1395,smart,6,541,24,20,500,50,15360,3,3,200,550,Москва,1673.0
1395,smart,7,544,24,16,500,50,15360,3,3,200,550,Москва,882.0
1395,smart,8,665,34,17,500,50,15360,3,3,200,550,Москва,1445.0
1395,smart,9,503,30,15,500,50,15360,3,3,200,550,Москва,559.0
1395,smart,10,589,29,21,500,50,15360,3,3,200,550,Москва,2017.0
1395,smart,11,637,26,19,500,50,15360,3,3,200,550,Москва,1761.0
1395,smart,12,627,25,16,500,50,15360,3,3,200,550,Москва,1131.0
1396,ultra,1,418,57,6,3000,1000,30720,1,1,150,1950,Пенза,1950.0
1396,ultra,2,432,59,6,3000,1000,30720,1,1,150,1950,Пенза,1950.0
1396,ultra,3,453,80,9,3000,1000,30720,1,1,150,1950,Пенза,1950.0
1396,ultra,4,485,88,10,3000,1000,30720,1,1,150,1950,Пенза,1950.0
1396,ultra,5,473,100,12,3000,1000,30720,1,1,150,1950,Пенза,1950.0
1396,ultra,6,443,75,12,3000,1000,30720,1,1,150,1950,Пенза,1950.0
1396,ultra,7,452,89,9,3000,1000,30720,1,1,150,1950,Пенза,1950.0
1396,ultra,8,521,90,16,3000,1000,30720,1,1,150,1950,Пенза,1950.0
1396,ultra,9,372,74,4,3000,1000,30720,1,1,150,1950,Пенза,1950.0
1396,ultra,10,492,63,8,3000,1000,30720,1,1,150,1950,Пенза,1950.0
1396,ultra,11,512,87,11,3000,1000,30720,1,1,150,1950,Пенза,1950.0
1396,ultra,12,555,74,8,3000,1000,30720,1,1,150,1950,Пенза,1950.0
1397,ultra,12,232,0,23,3000,1000,30720,1,1,150,1950,Воронеж,1950.0
1398,smart,12,310,13,19,500,50,15360,3,3,200,550,Махачкала,1350.0
1399,ultra,11,282,72,3,3000,1000,30720,1,1,150,1950,Уфа,1950.0
1399,ultra,12,355,58,2,3000,1000,30720,1,1,150,1950,Уфа,1950.0
1400,smart,8,200,9,8,500,50,15360,3,3,200,550,Москва,550.0
1400,smart,9,453,51,19,500,50,15360,3,3,200,550,Москва,1353.0
1400,smart,10,617,58,26,500,50,15360,3,3,200,550,Москва,3125.0
1400,smart,11,511,63,26,500,50,15360,3,3,200,550,Москва,2822.0
1400,smart,12,606,59,22,500,50,15360,3,3,200,550,Москва,2295.0
1401,smart,1,153,14,6,500,50,15360,3,3,200,550,Москва,550.0
1401,smart,2,354,44,8,500,50,15360,3,3,200,550,Москва,550.0
1401,smart,3,473,47,16,500,50,15360,3,3,200,550,Москва,750.0
1401,smart,4,315,50,15,500,50,15360,3,3,200,550,Москва,550.0
1401,smart,5,438,45,12,500,50,15360,3,3,200,550,Москва,550.0
1401,smart,6,463,32,10,500,50,15360,3,3,200,550,Москва,550.0
1401,smart,7,390,61,8,500,50,15360,3,3,200,550,Москва,583.0
1401,smart,8,470,41,12,500,50,15360,3,3,200,550,Москва,550.0
1401,smart,9,343,49,11,500,50,15360,3,3,200,550,Москва,550.0
1401,smart,10,402,40,13,500,50,15360,3,3,200,550,Москва,550.0
1401,smart,11,349,56,11,500,50,15360,3,3,200,550,Москва,568.0
1401,smart,12,351,49,12,500,50,15360,3,3,200,550,Москва,550.0
1402,ultra,3,403,27,19,3000,1000,30720,1,1,150,1950,Пенза,1950.0
1402,ultra,4,733,21,25,3000,1000,30720,1,1,150,1950,Пенза,1950.0
1402,ultra,5,689,32,27,3000,1000,30720,1,1,150,1950,Пенза,1950.0
1402,ultra,6,657,28,26,3000,1000,30720,1,1,150,1950,Пенза,1950.0
1402,ultra,7,565,27,26,3000,1000,30720,1,1,150,1950,Пенза,1950.0
1402,ultra,8,671,36,31,3000,1000,30720,1,1,150,1950,Пенза,2100.0
1402,ultra,9,751,27,21,3000,1000,30720,1,1,150,1950,Пенза,1950.0
1402,ultra,10,744,35,21,3000,1000,30720,1,1,150,1950,Пенза,1950.0
1402,ultra,11,742,25,20,3000,1000,30720,1,1,150,1950,Пенза,1950.0
1402,ultra,12,596,22,26,3000,1000,30720,1,1,150,1950,Пенза,1950.0
1403,ultra,5,15,18,8,3000,1000,30720,1,1,150,1950,Брянск,1950.0
1403,ultra,6,50,56,31,3000,1000,30720,1,1,150,1950,Брянск,2100.0
1403,ultra,7,113,61,37,3000,1000,30720,1,1,150,1950,Брянск,3000.0
1403,ultra,8,125,48,29,3000,1000,30720,1,1,150,1950,Брянск,1950.0
1403,ultra,9,65,50,28,3000,1000,30720,1,1,150,1950,Брянск,1950.0
1403,ultra,10,77,54,32,3000,1000,30720,1,1,150,1950,Брянск,2250.0
1403,ultra,11,109,49,35,3000,1000,30720,1,1,150,1950,Брянск,2700.0
1403,ultra,12,143,48,25,3000,1000,30720,1,1,150,1950,Брянск,1950.0
1404,smart,4,105,29,6,500,50,15360,3,3,200,550,Иркутск,550.0
1404,smart,5,209,37,17,500,50,15360,3,3,200,550,Иркутск,950.0
1404,smart,6,196,57,17,500,50,15360,3,3,200,550,Иркутск,971.0
1404,smart,7,142,48,20,500,50,15360,3,3,200,550,Иркутск,1550.0
1404,smart,8,162,49,17,500,50,15360,3,3,200,550,Иркутск,950.0
1404,smart,9,142,48,13,500,50,15360,3,3,200,550,Иркутск,550.0
1404,smart,10,275,59,17,500,50,15360,3,3,200,550,Иркутск,977.0
1404,smart,11,226,59,18,500,50,15360,3,3,200,550,Иркутск,1177.0
1404,smart,12,133,64,19,500,50,15360,3,3,200,550,Иркутск,1392.0
1405,ultra,10,332,45,17,3000,1000,30720,1,1,150,1950,Набережные Челны,1950.0
1405,ultra,11,340,67,13,3000,1000,30720,1,1,150,1950,Набережные Челны,1950.0
1405,ultra,12,244,53,25,3000,1000,30720,1,1,150,1950,Набережные Челны,1950.0
1406,smart,12,290,21,12,500,50,15360,3,3,200,550,Казань,550.0
1407,smart,8,149,11,11,500,50,15360,3,3,200,550,Челябинск,550.0
1407,smart,9,242,37,14,500,50,15360,3,3,200,550,Челябинск,550.0
1407,smart,10,397,38,15,500,50,15360,3,3,200,550,Челябинск,550.0
1407,smart,11,239,28,12,500,50,15360,3,3,200,550,Челябинск,550.0
1407,smart,12,291,41,17,500,50,15360,3,3,200,550,Челябинск,950.0
1408,smart,5,95,3,3,500,50,15360,3,3,200,550,Самара,550.0
1408,smart,6,597,8,15,500,50,15360,3,3,200,550,Самара,841.0
1408,smart,7,525,1,13,500,50,15360,3,3,200,550,Самара,625.0
1408,smart,8,549,6,13,500,50,15360,3,3,200,550,Самара,697.0
1408,smart,9,750,10,15,500,50,15360,3,3,200,550,Самара,1300.0
1408,smart,10,624,10,21,500,50,15360,3,3,200,550,Самара,2122.0
1408,smart,11,614,6,16,500,50,15360,3,3,200,550,Самара,1092.0
1408,smart,12,541,4,15,500,50,15360,3,3,200,550,Самара,673.0
1409,smart,3,515,17,10,500,50,15360,3,3,200,550,Набережные Челны,595.0
1409,smart,4,753,41,18,500,50,15360,3,3,200,550,Набережные Челны,1909.0
1409,smart,5,734,42,17,500,50,15360,3,3,200,550,Набережные Челны,1652.0
1409,smart,6,635,39,13,500,50,15360,3,3,200,550,Набережные Челны,955.0
1409,smart,7,643,41,19,500,50,15360,3,3,200,550,Набережные Челны,1779.0
1409,smart,8,846,39,21,500,50,15360,3,3,200,550,Набережные Челны,2788.0
1409,smart,9,733,34,18,500,50,15360,3,3,200,550,Набережные Челны,1849.0
1409,smart,10,655,43,17,500,50,15360,3,3,200,550,Набережные Челны,1415.0
1409,smart,11,750,34,14,500,50,15360,3,3,200,550,Набережные Челны,1300.0
1409,smart,12,667,40,18,500,50,15360,3,3,200,550,Набережные Челны,1651.0
1410,smart,8,51,5,4,500,50,15360,3,3,200,550,Нижний Тагил,550.0
1410,smart,9,252,27,22,500,50,15360,3,3,200,550,Нижний Тагил,1950.0
1410,smart,10,449,22,21,500,50,15360,3,3,200,550,Нижний Тагил,1750.0
1410,smart,11,555,21,26,500,50,15360,3,3,200,550,Нижний Тагил,2915.0
1410,smart,12,402,20,15,500,50,15360,3,3,200,550,Нижний Тагил,550.0
1411,smart,7,386,51,13,500,50,15360,3,3,200,550,Грозный,553.0
1411,smart,8,588,85,13,500,50,15360,3,3,200,550,Грозный,919.0
1411,smart,9,587,106,21,500,50,15360,3,3,200,550,Грозный,2179.0
1411,smart,10,601,103,28,500,50,15360,3,3,200,550,Грозный,3612.0
1411,smart,11,584,98,16,500,50,15360,3,3,200,550,Грозный,1146.0
1411,smart,12,793,91,15,500,50,15360,3,3,200,550,Грозный,1552.0
1412,ultra,6,551,39,25,3000,1000,30720,1,1,150,1950,Волгоград,1950.0
1412,ultra,7,798,49,40,3000,1000,30720,1,1,150,1950,Волгоград,3450.0
1412,ultra,8,845,43,37,3000,1000,30720,1,1,150,1950,Волгоград,3000.0
1412,ultra,9,567,54,29,3000,1000,30720,1,1,150,1950,Волгоград,1950.0
1412,ultra,10,816,51,38,3000,1000,30720,1,1,150,1950,Волгоград,3150.0
1412,ultra,11,641,52,39,3000,1000,30720,1,1,150,1950,Волгоград,3300.0
1412,ultra,12,757,55,32,3000,1000,30720,1,1,150,1950,Волгоград,2250.0
1413,smart,8,63,3,9,500,50,15360,3,3,200,550,Новосибирск,550.0
1413,smart,9,169,2,22,500,50,15360,3,3,200,550,Новосибирск,1950.0
1413,smart,10,193,4,27,500,50,15360,3,3,200,550,Новосибирск,2950.0
1413,smart,11,136,6,22,500,50,15360,3,3,200,550,Новосибирск,1950.0
1413,smart,12,187,0,22,500,50,15360,3,3,200,550,Новосибирск,1950.0
1414,smart,5,201,45,21,500,50,15360,3,3,200,550,Владимир,1750.0
1414,smart,6,338,52,18,500,50,15360,3,3,200,550,Владимир,1156.0
1414,smart,7,371,59,20,500,50,15360,3,3,200,550,Владимир,1577.0
1414,smart,8,308,38,22,500,50,15360,3,3,200,550,Владимир,1950.0
1414,smart,9,302,39,19,500,50,15360,3,3,200,550,Владимир,1350.0
1414,smart,10,361,43,22,500,50,15360,3,3,200,550,Владимир,1950.0
1414,smart,11,318,46,18,500,50,15360,3,3,200,550,Владимир,1150.0
1414,smart,12,397,46,17,500,50,15360,3,3,200,550,Владимир,950.0
1415,ultra,6,43,3,3,3000,1000,30720,1,1,150,1950,Москва,1950.0
1415,ultra,7,612,46,29,3000,1000,30720,1,1,150,1950,Москва,1950.0
1415,ultra,8,593,37,32,3000,1000,30720,1,1,150,1950,Москва,2250.0
1415,ultra,9,764,40,37,3000,1000,30720,1,1,150,1950,Москва,3000.0
1415,ultra,10,751,44,28,3000,1000,30720,1,1,150,1950,Москва,1950.0
1415,ultra,11,627,39,26,3000,1000,30720,1,1,150,1950,Москва,1950.0
1415,ultra,12,617,50,27,3000,1000,30720,1,1,150,1950,Москва,1950.0
1416,ultra,7,540,40,13,3000,1000,30720,1,1,150,1950,Санкт-Петербург,1950.0
1416,ultra,8,822,84,21,3000,1000,30720,1,1,150,1950,Санкт-Петербург,1950.0
1416,ultra,9,808,97,28,3000,1000,30720,1,1,150,1950,Санкт-Петербург,1950.0
1416,ultra,10,1084,101,19,3000,1000,30720,1,1,150,1950,Санкт-Петербург,1950.0
1416,ultra,11,861,89,19,3000,1000,30720,1,1,150,1950,Санкт-Петербург,1950.0
1416,ultra,12,363,44,10,3000,1000,30720,1,1,150,1950,Санкт-Петербург,1950.0
1417,smart,7,177,29,4,500,50,15360,3,3,200,550,Тольятти,550.0
1417,smart,8,346,83,11,500,50,15360,3,3,200,550,Тольятти,649.0
1417,smart,9,441,81,15,500,50,15360,3,3,200,550,Тольятти,643.0
1417,smart,10,333,78,11,500,50,15360,3,3,200,550,Тольятти,634.0
1417,smart,11,369,81,17,500,50,15360,3,3,200,550,Тольятти,1043.0
1417,smart,12,368,92,13,500,50,15360,3,3,200,550,Тольятти,676.0
1418,smart,10,161,13,4,500,50,15360,3,3,200,550,Новосибирск,550.0
1418,smart,11,412,62,16,500,50,15360,3,3,200,550,Новосибирск,786.0
1418,smart,12,413,54,19,500,50,15360,3,3,200,550,Новосибирск,1362.0
1419,smart,7,206,19,6,500,50,15360,3,3,200,550,Новороссийск,550.0
1419,smart,8,649,56,17,500,50,15360,3,3,200,550,Новороссийск,1415.0
1419,smart,9,584,65,14,500,50,15360,3,3,200,550,Новороссийск,847.0
1419,smart,10,465,41,11,500,50,15360,3,3,200,550,Новороссийск,550.0
1419,smart,11,456,52,13,500,50,15360,3,3,200,550,Новороссийск,556.0
1419,smart,12,538,49,17,500,50,15360,3,3,200,550,Новороссийск,1064.0
1420,smart,9,83,2,12,500,50,15360,3,3,200,550,Сочи,550.0
1420,smart,10,210,10,30,500,50,15360,3,3,200,550,Сочи,3550.0
1420,smart,11,199,18,25,500,50,15360,3,3,200,550,Сочи,2550.0
1420,smart,12,231,14,28,500,50,15360,3,3,200,550,Сочи,3150.0
1421,smart,2,74,16,5,500,50,15360,3,3,200,550,Калининград,550.0
1421,smart,3,285,60,24,500,50,15360,3,3,200,550,Калининград,2380.0
1421,smart,4,379,44,15,500,50,15360,3,3,200,550,Калининград,550.0
1421,smart,5,282,45,20,500,50,15360,3,3,200,550,Калининград,1550.0
1421,smart,6,242,52,16,500,50,15360,3,3,200,550,Калининград,756.0
1421,smart,7,359,63,21,500,50,15360,3,3,200,550,Калининград,1789.0
1421,smart,8,389,49,20,500,50,15360,3,3,200,550,Калининград,1550.0
1421,smart,9,279,62,23,500,50,15360,3,3,200,550,Калининград,2186.0
1421,smart,10,414,53,22,500,50,15360,3,3,200,550,Калининград,1959.0
1421,smart,11,253,48,25,500,50,15360,3,3,200,550,Калининград,2550.0
1421,smart,12,335,36,15,500,50,15360,3,3,200,550,Калининград,550.0
1422,smart,10,252,31,9,500,50,15360,3,3,200,550,Москва,550.0
1422,smart,11,412,42,9,500,50,15360,3,3,200,550,Москва,550.0
1422,smart,12,277,29,9,500,50,15360,3,3,200,550,Москва,550.0
1423,smart,1,61,8,2,500,50,15360,3,3,200,550,Астрахань,550.0
1423,smart,2,198,37,14,500,50,15360,3,3,200,550,Астрахань,550.0
1423,smart,3,175,41,21,500,50,15360,3,3,200,550,Астрахань,1750.0
1423,smart,4,224,46,17,500,50,15360,3,3,200,550,Астрахань,950.0
1423,smart,5,131,47,17,500,50,15360,3,3,200,550,Астрахань,950.0
1423,smart,6,228,45,12,500,50,15360,3,3,200,550,Астрахань,550.0
1423,smart,7,203,29,11,500,50,15360,3,3,200,550,Астрахань,550.0
1423,smart,8,227,44,18,500,50,15360,3,3,200,550,Астрахань,1150.0
1423,smart,9,198,42,19,500,50,15360,3,3,200,550,Астрахань,1350.0
1423,smart,10,174,48,21,500,50,15360,3,3,200,550,Астрахань,1750.0
1423,smart,11,271,44,15,500,50,15360,3,3,200,550,Астрахань,550.0
1423,smart,12,219,49,17,500,50,15360,3,3,200,550,Астрахань,950.0
1424,ultra,6,1,31,10,3000,1000,30720,1,1,150,1950,Москва,1950.0
1424,ultra,7,12,111,32,3000,1000,30720,1,1,150,1950,Москва,2250.0
1424,ultra,8,53,98,27,3000,1000,30720,1,1,150,1950,Москва,1950.0
1424,ultra,9,43,89,28,3000,1000,30720,1,1,150,1950,Москва,1950.0
1424,ultra,10,29,106,30,3000,1000,30720,1,1,150,1950,Москва,1950.0
1424,ultra,11,16,83,17,3000,1000,30720,1,1,150,1950,Москва,1950.0
1424,ultra,12,95,91,38,3000,1000,30720,1,1,150,1950,Москва,3150.0
1425,smart,2,49,4,2,500,50,15360,3,3,200,550,Пермь,550.0
1425,smart,3,722,91,8,500,50,15360,3,3,200,550,Пермь,1339.0
1425,smart,4,653,88,17,500,50,15360,3,3,200,550,Пермь,1523.0
1425,smart,5,820,75,16,500,50,15360,3,3,200,550,Пермь,1785.0
1425,smart,6,667,86,13,500,50,15360,3,3,200,550,Пермь,1159.0
1425,smart,7,728,82,14,500,50,15360,3,3,200,550,Пермь,1330.0
1425,smart,8,525,72,14,500,50,15360,3,3,200,550,Пермь,691.0
1425,smart,9,766,81,15,500,50,15360,3,3,200,550,Пермь,1441.0
1425,smart,10,733,77,12,500,50,15360,3,3,200,550,Пермь,1330.0
1425,smart,11,585,86,16,500,50,15360,3,3,200,550,Пермь,1113.0
1425,smart,12,646,72,17,500,50,15360,3,3,200,550,Пермь,1454.0
1426,smart,9,570,71,20,500,50,15360,3,3,200,550,Оренбург,1823.0
1426,smart,10,510,66,25,500,50,15360,3,3,200,550,Оренбург,2628.0
1426,smart,11,464,50,25,500,50,15360,3,3,200,550,Оренбург,2550.0
1426,smart,12,637,69,21,500,50,15360,3,3,200,550,Оренбург,2218.0
1427,smart,4,418,17,13,500,50,15360,3,3,200,550,Казань,550.0
1427,smart,5,700,12,12,500,50,15360,3,3,200,550,Казань,1150.0
1427,smart,6,515,7,13,500,50,15360,3,3,200,550,Казань,595.0
1427,smart,7,537,11,11,500,50,15360,3,3,200,550,Казань,661.0
1427,smart,8,577,11,18,500,50,15360,3,3,200,550,Казань,1381.0
1427,smart,9,561,12,14,500,50,15360,3,3,200,550,Казань,733.0
1427,smart,10,482,9,18,500,50,15360,3,3,200,550,Казань,1150.0
1427,smart,11,542,11,15,500,50,15360,3,3,200,550,Казань,676.0
1427,smart,12,608,9,12,500,50,15360,3,3,200,550,Казань,874.0
1428,smart,8,66,0,7,500,50,15360,3,3,200,550,Новосибирск,550.0
1428,smart,9,414,0,22,500,50,15360,3,3,200,550,Новосибирск,1950.0
1428,smart,10,428,0,18,500,50,15360,3,3,200,550,Новосибирск,1150.0
1428,smart,11,399,0,18,500,50,15360,3,3,200,550,Новосибирск,1150.0
1428,smart,12,382,0,27,500,50,15360,3,3,200,550,Новосибирск,2950.0
1429,smart,1,70,0,3,500,50,15360,3,3,200,550,Санкт-Петербург,550.0
1429,smart,2,240,0,22,500,50,15360,3,3,200,550,Санкт-Петербург,1950.0
1429,smart,3,357,0,24,500,50,15360,3,3,200,550,Санкт-Петербург,2350.0
1429,smart,4,188,0,19,500,50,15360,3,3,200,550,Санкт-Петербург,1350.0
1429,smart,5,161,0,22,500,50,15360,3,3,200,550,Санкт-Петербург,1950.0
1429,smart,6,204,0,24,500,50,15360,3,3,200,550,Санкт-Петербург,2350.0
1429,smart,7,379,0,27,500,50,15360,3,3,200,550,Санкт-Петербург,2950.0
1429,smart,8,332,0,15,500,50,15360,3,3,200,550,Санкт-Петербург,550.0
1429,smart,9,138,0,18,500,50,15360,3,3,200,550,Санкт-Петербург,1150.0
1429,smart,10,261,0,20,500,50,15360,3,3,200,550,Санкт-Петербург,1550.0
1429,smart,11,273,0,19,500,50,15360,3,3,200,550,Санкт-Петербург,1350.0
1429,smart,12,241,0,22,500,50,15360,3,3,200,550,Санкт-Петербург,1950.0
1430,ultra,4,91,7,11,3000,1000,30720,1,1,150,1950,Тверь,1950.0
1430,ultra,5,284,42,19,3000,1000,30720,1,1,150,1950,Тверь,1950.0
1430,ultra,6,234,40,24,3000,1000,30720,1,1,150,1950,Тверь,1950.0
1430,ultra,7,322,46,21,3000,1000,30720,1,1,150,1950,Тверь,1950.0
1430,ultra,8,416,40,22,3000,1000,30720,1,1,150,1950,Тверь,1950.0
1430,ultra,9,274,34,29,3000,1000,30720,1,1,150,1950,Тверь,1950.0
1430,ultra,10,330,42,25,3000,1000,30720,1,1,150,1950,Тверь,1950.0
1430,ultra,11,310,39,19,3000,1000,30720,1,1,150,1950,Тверь,1950.0
1430,ultra,12,235,43,24,3000,1000,30720,1,1,150,1950,Тверь,1950.0
1431,smart,3,89,46,12,500,50,15360,3,3,200,550,Уфа,550.0
1431,smart,4,266,72,20,500,50,15360,3,3,200,550,Уфа,1616.0
1431,smart,5,163,98,18,500,50,15360,3,3,200,550,Уфа,1294.0
1431,smart,6,318,83,20,500,50,15360,3,3,200,550,Уфа,1649.0
1431,smart,7,299,77,22,500,50,15360,3,3,200,550,Уфа,2031.0
1431,smart,8,196,91,14,500,50,15360,3,3,200,550,Уфа,673.0
1431,smart,9,214,86,16,500,50,15360,3,3,200,550,Уфа,858.0
1431,smart,10,358,84,18,500,50,15360,3,3,200,550,Уфа,1252.0
1431,smart,11,278,79,18,500,50,15360,3,3,200,550,Уфа,1237.0
1431,smart,12,265,94,20,500,50,15360,3,3,200,550,Уфа,1682.0
1432,smart,8,359,58,14,500,50,15360,3,3,200,550,Улан-Удэ,574.0
1432,smart,9,727,64,24,500,50,15360,3,3,200,550,Улан-Удэ,3073.0
1432,smart,10,750,79,21,500,50,15360,3,3,200,550,Улан-Удэ,2587.0
1432,smart,11,650,61,22,500,50,15360,3,3,200,550,Улан-Удэ,2433.0
1432,smart,12,619,63,21,500,50,15360,3,3,200,550,Улан-Удэ,2146.0
1433,smart,1,452,74,10,500,50,15360,3,3,200,550,Подольск,622.0
1433,smart,2,527,85,13,500,50,15360,3,3,200,550,Подольск,736.0
1433,smart,3,627,86,13,500,50,15360,3,3,200,550,Подольск,1039.0
1433,smart,4,406,96,19,500,50,15360,3,3,200,550,Подольск,1488.0
1433,smart,5,554,94,14,500,50,15360,3,3,200,550,Подольск,844.0
1433,smart,6,508,101,16,500,50,15360,3,3,200,550,Подольск,927.0
1433,smart,7,503,88,14,500,50,15360,3,3,200,550,Подольск,673.0
1433,smart,8,520,79,14,500,50,15360,3,3,200,550,Подольск,697.0
1433,smart,9,712,105,16,500,50,15360,3,3,200,550,Подольск,1551.0
1433,smart,10,660,104,12,500,50,15360,3,3,200,550,Подольск,1192.0
1433,smart,11,503,83,14,500,50,15360,3,3,200,550,Подольск,658.0
1433,smart,12,516,97,17,500,50,15360,3,3,200,550,Подольск,1139.0
1434,smart,12,560,21,15,500,50,15360,3,3,200,550,Москва,730.0
1435,smart,2,204,0,6,500,50,15360,3,3,200,550,Москва,550.0
1435,smart,3,215,0,21,500,50,15360,3,3,200,550,Москва,1750.0
1435,smart,4,309,0,18,500,50,15360,3,3,200,550,Москва,1150.0
1435,smart,5,401,0,23,500,50,15360,3,3,200,550,Москва,2150.0
1435,smart,6,298,0,16,500,50,15360,3,3,200,550,Москва,750.0
1435,smart,7,234,0,20,500,50,15360,3,3,200,550,Москва,1550.0
1435,smart,8,358,0,19,500,50,15360,3,3,200,550,Москва,1350.0
1435,smart,9,403,0,23,500,50,15360,3,3,200,550,Москва,2150.0
1435,smart,10,318,0,19,500,50,15360,3,3,200,550,Москва,1350.0
1435,smart,11,318,0,21,500,50,15360,3,3,200,550,Москва,1750.0
1435,smart,12,463,0,23,500,50,15360,3,3,200,550,Москва,2150.0
1436,ultra,4,314,22,25,3000,1000,30720,1,1,150,1950,Москва,1950.0
1436,ultra,5,370,29,23,3000,1000,30720,1,1,150,1950,Москва,1950.0
1436,ultra,6,420,22,23,3000,1000,30720,1,1,150,1950,Москва,1950.0
1436,ultra,7,533,40,21,3000,1000,30720,1,1,150,1950,Москва,1950.0
1436,ultra,8,393,23,30,3000,1000,30720,1,1,150,1950,Москва,1950.0
1436,ultra,9,406,24,23,3000,1000,30720,1,1,150,1950,Москва,1950.0
1436,ultra,10,439,37,31,3000,1000,30720,1,1,150,1950,Москва,2100.0
1436,ultra,11,479,20,16,3000,1000,30720,1,1,150,1950,Москва,1950.0
1436,ultra,12,448,35,26,3000,1000,30720,1,1,150,1950,Москва,1950.0
1437,smart,8,330,12,20,500,50,15360,3,3,200,550,Казань,1550.0
1437,smart,9,174,23,24,500,50,15360,3,3,200,550,Казань,2350.0
1437,smart,10,297,14,19,500,50,15360,3,3,200,550,Казань,1350.0
1437,smart,11,199,10,21,500,50,15360,3,3,200,550,Казань,1750.0
1437,smart,12,335,11,23,500,50,15360,3,3,200,550,Казань,2150.0
1438,smart,10,290,53,13,500,50,15360,3,3,200,550,Екатеринбург,559.0
1438,smart,11,307,66,12,500,50,15360,3,3,200,550,Екатеринбург,598.0
1438,smart,12,353,49,9,500,50,15360,3,3,200,550,Екатеринбург,550.0
1439,smart,6,10,0,1,500,50,15360,3,3,200,550,Орёл,550.0
1439,smart,7,329,5,20,500,50,15360,3,3,200,550,Орёл,1550.0
1439,smart,8,586,15,23,500,50,15360,3,3,200,550,Орёл,2408.0
1439,smart,9,487,10,28,500,50,15360,3,3,200,550,Орёл,3150.0
1439,smart,10,452,10,17,500,50,15360,3,3,200,550,Орёл,950.0
1439,smart,11,488,12,23,500,50,15360,3,3,200,550,Орёл,2150.0
1439,smart,12,409,11,21,500,50,15360,3,3,200,550,Орёл,1750.0
1440,ultra,5,52,17,4,3000,1000,30720,1,1,150,1950,Москва,1950.0
1440,ultra,6,270,113,20,3000,1000,30720,1,1,150,1950,Москва,1950.0
1440,ultra,7,114,115,25,3000,1000,30720,1,1,150,1950,Москва,1950.0
1440,ultra,8,185,103,25,3000,1000,30720,1,1,150,1950,Москва,1950.0
1440,ultra,9,209,118,23,3000,1000,30720,1,1,150,1950,Москва,1950.0
1440,ultra,10,157,108,20,3000,1000,30720,1,1,150,1950,Москва,1950.0
1440,ultra,11,169,97,18,3000,1000,30720,1,1,150,1950,Москва,1950.0
1440,ultra,12,200,105,24,3000,1000,30720,1,1,150,1950,Москва,1950.0
1441,smart,11,80,28,25,500,50,15360,3,3,200,550,Самара,2550.0
1441,smart,12,182,38,26,500,50,15360,3,3,200,550,Самара,2750.0
1442,ultra,11,83,0,15,3000,1000,30720,1,1,150,1950,Ульяновск,1950.0
1442,ultra,12,109,0,39,3000,1000,30720,1,1,150,1950,Ульяновск,3300.0
1443,smart,9,407,10,4,500,50,15360,3,3,200,550,Казань,550.0
1443,smart,10,965,27,20,500,50,15360,3,3,200,550,Казань,2945.0
1443,smart,11,761,21,17,500,50,15360,3,3,200,550,Казань,1733.0
1443,smart,12,611,22,16,500,50,15360,3,3,200,550,Казань,1083.0
1444,smart,11,575,51,14,500,50,15360,3,3,200,550,Нижний Новгород,778.0
1444,smart,12,631,63,20,500,50,15360,3,3,200,550,Нижний Новгород,1982.0
1445,smart,12,508,75,17,500,50,15360,3,3,200,550,Москва,1049.0
1446,smart,8,50,1,0,500,50,15360,3,3,200,550,Липецк,550.0
1446,smart,9,421,38,20,500,50,15360,3,3,200,550,Липецк,1550.0
1446,smart,10,289,31,14,500,50,15360,3,3,200,550,Липецк,550.0
1446,smart,11,642,32,16,500,50,15360,3,3,200,550,Липецк,1176.0
1446,smart,12,424,43,18,500,50,15360,3,3,200,550,Липецк,1150.0
1447,smart,9,436,39,11,500,50,15360,3,3,200,550,Москва,550.0
1447,smart,10,652,47,19,500,50,15360,3,3,200,550,Москва,1806.0
1447,smart,11,644,64,19,500,50,15360,3,3,200,550,Москва,1824.0
1447,smart,12,750,66,24,500,50,15360,3,3,200,550,Москва,3148.0
1448,smart,9,254,18,13,500,50,15360,3,3,200,550,Кострома,550.0
1448,smart,10,457,36,14,500,50,15360,3,3,200,550,Кострома,550.0
1448,smart,11,526,34,21,500,50,15360,3,3,200,550,Кострома,1828.0
1448,smart,12,471,40,20,500,50,15360,3,3,200,550,Кострома,1550.0
1449,smart,7,241,49,5,500,50,15360,3,3,200,550,Москва,550.0
1449,smart,8,547,91,16,500,50,15360,3,3,200,550,Москва,1014.0
1449,smart,9,655,109,13,500,50,15360,3,3,200,550,Москва,1192.0
1449,smart,10,532,99,16,500,50,15360,3,3,200,550,Москва,993.0
1449,smart,11,648,93,19,500,50,15360,3,3,200,550,Москва,1923.0
1449,smart,12,576,99,13,500,50,15360,3,3,200,550,Москва,925.0
1450,smart,10,321,47,11,500,50,15360,3,3,200,550,Москва,550.0
1450,smart,11,495,78,20,500,50,15360,3,3,200,550,Москва,1634.0
1450,smart,12,427,97,16,500,50,15360,3,3,200,550,Москва,891.0
1451,smart,8,118,7,5,500,50,15360,3,3,200,550,Набережные Челны,550.0
1451,smart,9,843,56,10,500,50,15360,3,3,200,550,Набережные Челны,1597.0
1451,smart,10,779,47,16,500,50,15360,3,3,200,550,Набережные Челны,1587.0
1451,smart,11,729,30,11,500,50,15360,3,3,200,550,Набережные Челны,1237.0
1451,smart,12,1144,50,17,500,50,15360,3,3,200,550,Набережные Челны,2882.0
1452,ultra,6,60,18,11,3000,1000,30720,1,1,150,1950,Москва,1950.0
1452,ultra,7,142,61,19,3000,1000,30720,1,1,150,1950,Москва,1950.0
1452,ultra,8,150,51,30,3000,1000,30720,1,1,150,1950,Москва,1950.0
1452,ultra,9,194,62,22,3000,1000,30720,1,1,150,1950,Москва,1950.0
1452,ultra,10,236,61,24,3000,1000,30720,1,1,150,1950,Москва,1950.0
1452,ultra,11,305,57,27,3000,1000,30720,1,1,150,1950,Москва,1950.0
1452,ultra,12,237,54,21,3000,1000,30720,1,1,150,1950,Москва,1950.0
1453,ultra,1,861,50,19,3000,1000,30720,1,1,150,1950,Москва,1950.0
1453,ultra,2,765,45,21,3000,1000,30720,1,1,150,1950,Москва,1950.0
1453,ultra,3,875,64,26,3000,1000,30720,1,1,150,1950,Москва,1950.0
1453,ultra,4,881,52,22,3000,1000,30720,1,1,150,1950,Москва,1950.0
1453,ultra,5,929,54,29,3000,1000,30720,1,1,150,1950,Москва,1950.0
1453,ultra,6,767,58,16,3000,1000,30720,1,1,150,1950,Москва,1950.0
1453,ultra,7,848,74,21,3000,1000,30720,1,1,150,1950,Москва,1950.0
1453,ultra,8,813,61,28,3000,1000,30720,1,1,150,1950,Москва,1950.0
1453,ultra,9,808,63,21,3000,1000,30720,1,1,150,1950,Москва,1950.0
1453,ultra,10,953,65,29,3000,1000,30720,1,1,150,1950,Москва,1950.0
1453,ultra,11,973,57,24,3000,1000,30720,1,1,150,1950,Москва,1950.0
1453,ultra,12,796,53,21,3000,1000,30720,1,1,150,1950,Москва,1950.0
1454,smart,3,409,20,10,500,50,15360,3,3,200,550,Томск,550.0
1454,smart,4,491,30,12,500,50,15360,3,3,200,550,Томск,550.0
1454,smart,5,381,26,13,500,50,15360,3,3,200,550,Томск,550.0
1454,smart,6,519,23,9,500,50,15360,3,3,200,550,Томск,607.0
1454,smart,7,520,28,15,500,50,15360,3,3,200,550,Томск,610.0
1454,smart,8,450,23,6,500,50,15360,3,3,200,550,Томск,550.0
1454,smart,9,543,21,11,500,50,15360,3,3,200,550,Томск,679.0
1454,smart,10,432,27,12,500,50,15360,3,3,200,550,Томск,550.0
1454,smart,11,444,17,10,500,50,15360,3,3,200,550,Томск,550.0
1454,smart,12,514,25,13,500,50,15360,3,3,200,550,Томск,592.0
1455,ultra,3,134,0,6,3000,1000,30720,1,1,150,1950,Балашиха,1950.0
1455,ultra,4,311,3,9,3000,1000,30720,1,1,150,1950,Балашиха,1950.0
1455,ultra,5,595,7,17,3000,1000,30720,1,1,150,1950,Балашиха,1950.0
1455,ultra,6,477,6,12,3000,1000,30720,1,1,150,1950,Балашиха,1950.0
1455,ultra,7,592,4,9,3000,1000,30720,1,1,150,1950,Балашиха,1950.0
1455,ultra,8,420,2,14,3000,1000,30720,1,1,150,1950,Балашиха,1950.0
1455,ultra,9,442,5,9,3000,1000,30720,1,1,150,1950,Балашиха,1950.0
1455,ultra,10,444,5,7,3000,1000,30720,1,1,150,1950,Балашиха,1950.0
1455,ultra,11,626,5,15,3000,1000,30720,1,1,150,1950,Балашиха,1950.0
1455,ultra,12,569,3,13,3000,1000,30720,1,1,150,1950,Балашиха,1950.0
1456,smart,8,152,0,7,500,50,15360,3,3,200,550,Санкт-Петербург,550.0
1456,smart,9,756,0,19,500,50,15360,3,3,200,550,Санкт-Петербург,2118.0
1456,smart,10,889,0,22,500,50,15360,3,3,200,550,Санкт-Петербург,3117.0
1456,smart,11,889,0,28,500,50,15360,3,3,200,550,Санкт-Петербург,4317.0
1456,smart,12,930,0,27,500,50,15360,3,3,200,550,Санкт-Петербург,4240.0
1457,smart,3,335,11,12,500,50,15360,3,3,200,550,Саратов,550.0
1457,smart,4,441,33,19,500,50,15360,3,3,200,550,Саратов,1350.0
1457,smart,5,490,28,23,500,50,15360,3,3,200,550,Саратов,2150.0
1457,smart,6,371,25,15,500,50,15360,3,3,200,550,Саратов,550.0
1457,smart,7,472,28,15,500,50,15360,3,3,200,550,Саратов,550.0
1457,smart,8,494,26,9,500,50,15360,3,3,200,550,Саратов,550.0
1457,smart,9,516,21,11,500,50,15360,3,3,200,550,Саратов,598.0
1457,smart,10,515,34,19,500,50,15360,3,3,200,550,Саратов,1395.0
1457,smart,11,506,18,11,500,50,15360,3,3,200,550,Саратов,568.0
1457,smart,12,494,36,22,500,50,15360,3,3,200,550,Саратов,1950.0
1458,ultra,2,317,0,6,3000,1000,30720,1,1,150,1950,Барнаул,1950.0
1458,ultra,3,833,1,14,3000,1000,30720,1,1,150,1950,Барнаул,1950.0
1458,ultra,4,761,4,15,3000,1000,30720,1,1,150,1950,Барнаул,1950.0
1458,ultra,5,695,5,13,3000,1000,30720,1,1,150,1950,Барнаул,1950.0
1458,ultra,6,781,4,12,3000,1000,30720,1,1,150,1950,Барнаул,1950.0
1458,ultra,7,816,1,10,3000,1000,30720,1,1,150,1950,Барнаул,1950.0
1458,ultra,8,771,3,14,3000,1000,30720,1,1,150,1950,Барнаул,1950.0
1458,ultra,9,856,3,19,3000,1000,30720,1,1,150,1950,Барнаул,1950.0
1458,ultra,10,855,1,20,3000,1000,30720,1,1,150,1950,Барнаул,1950.0
1458,ultra,11,629,5,15,3000,1000,30720,1,1,150,1950,Барнаул,1950.0
1458,ultra,12,847,6,15,3000,1000,30720,1,1,150,1950,Барнаул,1950.0
1459,smart,10,427,23,11,500,50,15360,3,3,200,550,Магнитогорск,550.0
1459,smart,11,662,29,16,500,50,15360,3,3,200,550,Магнитогорск,1236.0
1459,smart,12,488,23,16,500,50,15360,3,3,200,550,Магнитогорск,750.0
1460,smart,4,534,45,11,500,50,15360,3,3,200,550,Ижевск,652.0
1460,smart,5,756,37,14,500,50,15360,3,3,200,550,Ижевск,1318.0
1460,smart,6,466,52,17,500,50,15360,3,3,200,550,Ижевск,956.0
1460,smart,7,613,42,12,500,50,15360,3,3,200,550,Ижевск,889.0
1460,smart,8,537,53,16,500,50,15360,3,3,200,550,Ижевск,870.0
1460,smart,9,611,45,13,500,50,15360,3,3,200,550,Ижевск,883.0
1460,smart,10,711,47,17,500,50,15360,3,3,200,550,Ижевск,1583.0
1460,smart,11,954,39,15,500,50,15360,3,3,200,550,Ижевск,1912.0
1460,smart,12,671,45,14,500,50,15360,3,3,200,550,Ижевск,1063.0
1461,ultra,11,246,24,10,3000,1000,30720,1,1,150,1950,Москва,1950.0
1461,ultra,12,821,76,25,3000,1000,30720,1,1,150,1950,Москва,1950.0
1462,smart,10,94,0,3,500,50,15360,3,3,200,550,Тольятти,550.0
1462,smart,11,933,0,23,500,50,15360,3,3,200,550,Тольятти,3449.0
1462,smart,12,878,0,24,500,50,15360,3,3,200,550,Тольятти,3484.0
1463,ultra,11,248,11,9,3000,1000,30720,1,1,150,1950,Санкт-Петербург,1950.0
1463,ultra,12,715,31,26,3000,1000,30720,1,1,150,1950,Санкт-Петербург,1950.0
1464,smart,2,237,13,9,500,50,15360,3,3,200,550,Саранск,550.0
1464,smart,3,529,22,20,500,50,15360,3,3,200,550,Саранск,1637.0
1464,smart,4,694,18,18,500,50,15360,3,3,200,550,Саранск,1732.0
1464,smart,5,616,21,22,500,50,15360,3,3,200,550,Саранск,2298.0
1464,smart,6,402,21,21,500,50,15360,3,3,200,550,Саранск,1750.0
1464,smart,7,585,25,16,500,50,15360,3,3,200,550,Саранск,1005.0
1464,smart,8,490,19,17,500,50,15360,3,3,200,550,Саранск,950.0
1464,smart,9,542,21,17,500,50,15360,3,3,200,550,Саранск,1076.0
1464,smart,10,631,26,22,500,50,15360,3,3,200,550,Саранск,2343.0
1464,smart,11,597,27,21,500,50,15360,3,3,200,550,Саранск,2041.0
1464,smart,12,555,29,31,500,50,15360,3,3,200,550,Саранск,3915.0
1465,smart,4,247,32,9,500,50,15360,3,3,200,550,Омск,550.0
1465,smart,5,449,47,18,500,50,15360,3,3,200,550,Омск,1150.0
1465,smart,6,609,52,20,500,50,15360,3,3,200,550,Омск,1883.0
1465,smart,7,660,57,16,500,50,15360,3,3,200,550,Омск,1251.0
1465,smart,8,554,51,22,500,50,15360,3,3,200,550,Омск,2115.0
1465,smart,9,636,53,15,500,50,15360,3,3,200,550,Омск,967.0
1465,smart,10,492,49,11,500,50,15360,3,3,200,550,Омск,550.0
1465,smart,11,736,54,15,500,50,15360,3,3,200,550,Омск,1270.0
1465,smart,12,592,55,17,500,50,15360,3,3,200,550,Омск,1241.0
1466,ultra,2,16,0,2,3000,1000,30720,1,1,150,1950,Новосибирск,1950.0
1466,ultra,3,402,0,21,3000,1000,30720,1,1,150,1950,Новосибирск,1950.0
1466,ultra,4,453,0,21,3000,1000,30720,1,1,150,1950,Новосибирск,1950.0
1466,ultra,5,492,0,15,3000,1000,30720,1,1,150,1950,Новосибирск,1950.0
1466,ultra,6,610,0,16,3000,1000,30720,1,1,150,1950,Новосибирск,1950.0
1466,ultra,7,542,0,17,3000,1000,30720,1,1,150,1950,Новосибирск,1950.0
1466,ultra,8,512,0,16,3000,1000,30720,1,1,150,1950,Новосибирск,1950.0
1466,ultra,9,482,0,13,3000,1000,30720,1,1,150,1950,Новосибирск,1950.0
1466,ultra,10,647,0,15,3000,1000,30720,1,1,150,1950,Новосибирск,1950.0
1466,ultra,11,473,0,15,3000,1000,30720,1,1,150,1950,Новосибирск,1950.0
1466,ultra,12,659,0,15,3000,1000,30720,1,1,150,1950,Новосибирск,1950.0
1467,ultra,11,320,15,3,3000,1000,30720,1,1,150,1950,Киров,1950.0
1467,ultra,12,1673,39,10,3000,1000,30720,1,1,150,1950,Киров,1950.0
1468,smart,2,137,5,9,500,50,15360,3,3,200,550,Тамбов,550.0
1468,smart,3,287,13,6,500,50,15360,3,3,200,550,Тамбов,550.0
1468,smart,4,233,9,11,500,50,15360,3,3,200,550,Тамбов,550.0
1468,smart,5,138,11,15,500,50,15360,3,3,200,550,Тамбов,550.0
1468,smart,6,211,5,17,500,50,15360,3,3,200,550,Тамбов,950.0
1468,smart,7,280,9,13,500,50,15360,3,3,200,550,Тамбов,550.0
1468,smart,8,406,18,12,500,50,15360,3,3,200,550,Тамбов,550.0
1468,smart,9,177,13,13,500,50,15360,3,3,200,550,Тамбов,550.0
1468,smart,10,195,14,14,500,50,15360,3,3,200,550,Тамбов,550.0
1468,smart,11,276,13,13,500,50,15360,3,3,200,550,Тамбов,550.0
1468,smart,12,216,11,15,500,50,15360,3,3,200,550,Тамбов,550.0
1469,ultra,7,793,0,23,3000,1000,30720,1,1,150,1950,Сочи,1950.0
1469,ultra,8,779,0,33,3000,1000,30720,1,1,150,1950,Сочи,2400.0
1469,ultra,9,763,0,33,3000,1000,30720,1,1,150,1950,Сочи,2400.0
1469,ultra,10,908,0,33,3000,1000,30720,1,1,150,1950,Сочи,2400.0
1469,ultra,11,795,0,35,3000,1000,30720,1,1,150,1950,Сочи,2700.0
1469,ultra,12,635,0,28,3000,1000,30720,1,1,150,1950,Сочи,1950.0
1470,smart,10,255,7,11,500,50,15360,3,3,200,550,Новокузнецк,550.0
1470,smart,11,508,21,20,500,50,15360,3,3,200,550,Новокузнецк,1574.0
1470,smart,12,492,11,18,500,50,15360,3,3,200,550,Новокузнецк,1150.0
1471,ultra,2,76,6,2,3000,1000,30720,1,1,150,1950,Вологда,1950.0
1471,ultra,3,755,81,9,3000,1000,30720,1,1,150,1950,Вологда,1950.0
1471,ultra,4,627,93,11,3000,1000,30720,1,1,150,1950,Вологда,1950.0
1471,ultra,5,862,101,9,3000,1000,30720,1,1,150,1950,Вологда,1950.0
1471,ultra,6,650,94,9,3000,1000,30720,1,1,150,1950,Вологда,1950.0
1471,ultra,7,765,98,13,3000,1000,30720,1,1,150,1950,Вологда,1950.0
1471,ultra,8,866,107,7,3000,1000,30720,1,1,150,1950,Вологда,1950.0
1471,ultra,9,569,84,10,3000,1000,30720,1,1,150,1950,Вологда,1950.0
1471,ultra,10,557,83,14,3000,1000,30720,1,1,150,1950,Вологда,1950.0
1471,ultra,11,603,92,9,3000,1000,30720,1,1,150,1950,Вологда,1950.0
1471,ultra,12,815,85,11,3000,1000,30720,1,1,150,1950,Вологда,1950.0
1472,smart,1,294,30,12,500,50,15360,3,3,200,550,Ярославль,550.0
1472,smart,2,461,80,19,500,50,15360,3,3,200,550,Ярославль,1440.0
1472,smart,3,581,82,18,500,50,15360,3,3,200,550,Ярославль,1489.0
1472,smart,4,590,60,18,500,50,15360,3,3,200,550,Ярославль,1450.0
1472,smart,5,486,80,18,500,50,15360,3,3,200,550,Ярославль,1240.0
1472,smart,6,606,62,24,500,50,15360,3,3,200,550,Ярославль,2704.0
1472,smart,7,669,66,23,500,50,15360,3,3,200,550,Ярославль,2705.0
1472,smart,8,456,85,17,500,50,15360,3,3,200,550,Ярославль,1055.0
1472,smart,9,552,70,19,500,50,15360,3,3,200,550,Ярославль,1566.0
1472,smart,10,468,84,23,500,50,15360,3,3,200,550,Ярославль,2252.0
1472,smart,11,605,65,15,500,50,15360,3,3,200,550,Ярославль,910.0
1472,smart,12,625,64,19,500,50,15360,3,3,200,550,Ярославль,1767.0
1473,ultra,8,0,17,13,3000,1000,30720,1,1,150,1950,Красноярск,1950.0
1473,ultra,9,0,19,17,3000,1000,30720,1,1,150,1950,Красноярск,1950.0
1473,ultra,10,0,20,14,3000,1000,30720,1,1,150,1950,Красноярск,1950.0
1473,ultra,11,0,14,22,3000,1000,30720,1,1,150,1950,Красноярск,1950.0
1473,ultra,12,0,20,18,3000,1000,30720,1,1,150,1950,Красноярск,1950.0
1474,ultra,11,683,77,28,3000,1000,30720,1,1,150,1950,Набережные Челны,1950.0
1474,ultra,12,1345,105,42,3000,1000,30720,1,1,150,1950,Набережные Челны,3750.0
1475,smart,1,172,16,9,500,50,15360,3,3,200,550,Новокузнецк,550.0
1475,smart,2,234,20,13,500,50,15360,3,3,200,550,Новокузнецк,550.0
1475,smart,3,238,12,14,500,50,15360,3,3,200,550,Новокузнецк,550.0
1475,smart,4,230,21,13,500,50,15360,3,3,200,550,Новокузнецк,550.0
1475,smart,5,291,30,14,500,50,15360,3,3,200,550,Новокузнецк,550.0
1475,smart,6,211,22,11,500,50,15360,3,3,200,550,Новокузнецк,550.0
1475,smart,7,208,34,12,500,50,15360,3,3,200,550,Новокузнецк,550.0
1475,smart,8,286,24,14,500,50,15360,3,3,200,550,Новокузнецк,550.0
1475,smart,9,255,21,15,500,50,15360,3,3,200,550,Новокузнецк,550.0
1475,smart,10,243,26,15,500,50,15360,3,3,200,550,Новокузнецк,550.0
1475,smart,11,204,23,21,500,50,15360,3,3,200,550,Новокузнецк,1750.0
1475,smart,12,130,27,16,500,50,15360,3,3,200,550,Новокузнецк,750.0
1476,ultra,4,0,0,1,3000,1000,30720,1,1,150,1950,Москва,1950.0
1476,ultra,5,459,7,22,3000,1000,30720,1,1,150,1950,Москва,1950.0
1476,ultra,6,491,4,15,3000,1000,30720,1,1,150,1950,Москва,1950.0
1476,ultra,7,492,3,16,3000,1000,30720,1,1,150,1950,Москва,1950.0
1476,ultra,8,456,5,25,3000,1000,30720,1,1,150,1950,Москва,1950.0
1476,ultra,9,622,5,19,3000,1000,30720,1,1,150,1950,Москва,1950.0
1476,ultra,10,540,4,25,3000,1000,30720,1,1,150,1950,Москва,1950.0
1476,ultra,11,556,6,15,3000,1000,30720,1,1,150,1950,Москва,1950.0
1476,ultra,12,588,11,14,3000,1000,30720,1,1,150,1950,Москва,1950.0
1477,smart,4,121,19,5,500,50,15360,3,3,200,550,Набережные Челны,550.0
1477,smart,5,601,65,20,500,50,15360,3,3,200,550,Набережные Челны,1898.0
1477,smart,6,602,67,22,500,50,15360,3,3,200,550,Набережные Челны,2307.0
1477,smart,7,695,61,23,500,50,15360,3,3,200,550,Набережные Челны,2768.0
1477,smart,8,797,63,20,500,50,15360,3,3,200,550,Набережные Челны,2480.0
1477,smart,9,751,55,19,500,50,15360,3,3,200,550,Набережные Челны,2118.0
1477,smart,10,708,62,21,500,50,15360,3,3,200,550,Набережные Челны,2410.0
1477,smart,11,531,71,28,500,50,15360,3,3,200,550,Набережные Челны,3306.0
1477,smart,12,630,68,21,500,50,15360,3,3,200,550,Набережные Челны,2194.0
1478,smart,7,174,31,11,500,50,15360,3,3,200,550,Грозный,550.0
1478,smart,8,305,75,13,500,50,15360,3,3,200,550,Грозный,625.0
1478,smart,9,187,86,16,500,50,15360,3,3,200,550,Грозный,858.0
1478,smart,10,290,72,19,500,50,15360,3,3,200,550,Грозный,1416.0
1478,smart,11,249,73,18,500,50,15360,3,3,200,550,Грозный,1219.0
1478,smart,12,291,83,14,500,50,15360,3,3,200,550,Грозный,649.0
1479,smart,7,666,0,26,500,50,15360,3,3,200,550,Хабаровск,3248.0
1479,smart,8,396,0,17,500,50,15360,3,3,200,550,Хабаровск,950.0
1479,smart,9,799,0,21,500,50,15360,3,3,200,550,Хабаровск,2647.0
1479,smart,10,640,0,18,500,50,15360,3,3,200,550,Хабаровск,1570.0
1479,smart,11,465,0,22,500,50,15360,3,3,200,550,Хабаровск,1950.0
1479,smart,12,576,0,23,500,50,15360,3,3,200,550,Хабаровск,2378.0
1480,smart,2,222,8,10,500,50,15360,3,3,200,550,Новокузнецк,550.0
1480,smart,3,425,19,14,500,50,15360,3,3,200,550,Новокузнецк,550.0
1480,smart,4,550,20,16,500,50,15360,3,3,200,550,Новокузнецк,900.0
1480,smart,5,494,26,15,500,50,15360,3,3,200,550,Новокузнецк,550.0
1480,smart,6,388,18,15,500,50,15360,3,3,200,550,Новокузнецк,550.0
1480,smart,7,471,31,20,500,50,15360,3,3,200,550,Новокузнецк,1550.0
1480,smart,8,547,20,10,500,50,15360,3,3,200,550,Новокузнецк,691.0
1480,smart,9,305,19,14,500,50,15360,3,3,200,550,Новокузнецк,550.0
1481,smart,2,36,6,3,500,50,15360,3,3,200,550,Москва,550.0
1481,smart,3,382,14,18,500,50,15360,3,3,200,550,Москва,1150.0
1481,smart,4,361,21,20,500,50,15360,3,3,200,550,Москва,1550.0
1481,smart,5,460,18,18,500,50,15360,3,3,200,550,Москва,1150.0
1481,smart,6,272,20,14,500,50,15360,3,3,200,550,Москва,550.0
1481,smart,7,269,20,19,500,50,15360,3,3,200,550,Москва,1350.0
1481,smart,8,223,25,21,500,50,15360,3,3,200,550,Москва,1750.0
1481,smart,9,312,22,17,500,50,15360,3,3,200,550,Москва,950.0
1481,smart,10,279,25,18,500,50,15360,3,3,200,550,Москва,1150.0
1481,smart,11,297,19,20,500,50,15360,3,3,200,550,Москва,1550.0
1481,smart,12,356,19,17,500,50,15360,3,3,200,550,Москва,950.0
1482,smart,2,24,2,1,500,50,15360,3,3,200,550,Санкт-Петербург,550.0
1482,smart,3,444,63,13,500,50,15360,3,3,200,550,Санкт-Петербург,589.0
1482,smart,4,294,47,11,500,50,15360,3,3,200,550,Санкт-Петербург,550.0
1482,smart,5,360,61,13,500,50,15360,3,3,200,550,Санкт-Петербург,583.0
1482,smart,6,246,62,9,500,50,15360,3,3,200,550,Санкт-Петербург,586.0
1482,smart,7,245,60,16,500,50,15360,3,3,200,550,Санкт-Петербург,780.0
1482,smart,8,331,71,19,500,50,15360,3,3,200,550,Санкт-Петербург,1413.0
1482,smart,9,238,63,12,500,50,15360,3,3,200,550,Санкт-Петербург,589.0
1482,smart,10,303,70,17,500,50,15360,3,3,200,550,Санкт-Петербург,1010.0
1482,smart,11,265,72,15,500,50,15360,3,3,200,550,Санкт-Петербург,616.0
1482,smart,12,275,56,12,500,50,15360,3,3,200,550,Санкт-Петербург,568.0
1483,smart,4,366,30,9,500,50,15360,3,3,200,550,Ульяновск,550.0
1483,smart,5,470,44,18,500,50,15360,3,3,200,550,Ульяновск,1150.0
1483,smart,6,731,46,21,500,50,15360,3,3,200,550,Ульяновск,2443.0
1483,smart,7,686,47,14,500,50,15360,3,3,200,550,Ульяновск,1108.0
1483,smart,8,784,57,19,500,50,15360,3,3,200,550,Ульяновск,2223.0
1483,smart,9,645,57,23,500,50,15360,3,3,200,550,Ульяновск,2606.0
1483,smart,10,865,43,18,500,50,15360,3,3,200,550,Ульяновск,2245.0
1483,smart,11,613,47,17,500,50,15360,3,3,200,550,Ульяновск,1289.0
1483,smart,12,691,43,21,500,50,15360,3,3,200,550,Ульяновск,2323.0
1484,smart,8,345,91,12,500,50,15360,3,3,200,550,Екатеринбург,673.0
1484,smart,9,529,107,15,500,50,15360,3,3,200,550,Екатеринбург,808.0
1484,smart,10,369,127,14,500,50,15360,3,3,200,550,Екатеринбург,781.0
1484,smart,11,334,121,17,500,50,15360,3,3,200,550,Екатеринбург,1163.0
1484,smart,12,292,109,19,500,50,15360,3,3,200,550,Екатеринбург,1527.0
1485,ultra,12,584,155,23,3000,1000,30720,1,1,150,1950,Киров,1950.0
1486,smart,10,38,1,1,500,50,15360,3,3,200,550,Нижний Новгород,550.0
1486,smart,11,764,96,36,500,50,15360,3,3,200,550,Нижний Новгород,5680.0
1486,smart,12,1007,83,38,500,50,15360,3,3,200,550,Нижний Новгород,6770.0
1487,smart,8,87,13,7,500,50,15360,3,3,200,550,Кострома,550.0
1487,smart,9,180,23,22,500,50,15360,3,3,200,550,Кострома,1950.0
1487,smart,10,98,21,17,500,50,15360,3,3,200,550,Кострома,950.0
1487,smart,11,227,23,14,500,50,15360,3,3,200,550,Кострома,550.0
1487,smart,12,155,20,12,500,50,15360,3,3,200,550,Кострома,550.0
1488,smart,11,403,81,14,500,50,15360,3,3,200,550,Новороссийск,643.0
1488,smart,12,444,103,17,500,50,15360,3,3,200,550,Новороссийск,1109.0
1489,smart,8,0,17,11,500,50,15360,3,3,200,550,Санкт-Петербург,550.0
1489,smart,9,0,32,17,500,50,15360,3,3,200,550,Санкт-Петербург,950.0
1489,smart,10,0,21,20,500,50,15360,3,3,200,550,Санкт-Петербург,1550.0
1489,smart,11,0,20,18,500,50,15360,3,3,200,550,Санкт-Петербург,1150.0
1489,smart,12,0,35,17,500,50,15360,3,3,200,550,Санкт-Петербург,950.0
1490,smart,4,270,38,14,500,50,15360,3,3,200,550,Москва,550.0
1490,smart,5,339,37,21,500,50,15360,3,3,200,550,Москва,1750.0
1490,smart,6,330,50,20,500,50,15360,3,3,200,550,Москва,1550.0
1490,smart,7,250,62,11,500,50,15360,3,3,200,550,Москва,586.0
1490,smart,8,346,50,17,500,50,15360,3,3,200,550,Москва,950.0
1490,smart,9,322,48,15,500,50,15360,3,3,200,550,Москва,550.0
1490,smart,10,312,45,21,500,50,15360,3,3,200,550,Москва,1750.0
1490,smart,11,282,47,19,500,50,15360,3,3,200,550,Москва,1350.0
1490,smart,12,290,46,16,500,50,15360,3,3,200,550,Москва,750.0
1491,ultra,4,143,10,4,3000,1000,30720,1,1,150,1950,Челябинск,1950.0
1491,ultra,5,530,55,25,3000,1000,30720,1,1,150,1950,Челябинск,1950.0
1491,ultra,6,424,56,16,3000,1000,30720,1,1,150,1950,Челябинск,1950.0
1491,ultra,7,606,58,21,3000,1000,30720,1,1,150,1950,Челябинск,1950.0
1491,ultra,8,611,49,17,3000,1000,30720,1,1,150,1950,Челябинск,1950.0
1491,ultra,9,531,52,15,3000,1000,30720,1,1,150,1950,Челябинск,1950.0
1491,ultra,10,583,61,24,3000,1000,30720,1,1,150,1950,Челябинск,1950.0
1491,ultra,11,518,40,18,3000,1000,30720,1,1,150,1950,Челябинск,1950.0
1491,ultra,12,674,51,22,3000,1000,30720,1,1,150,1950,Челябинск,1950.0
1492,smart,6,84,1,4,500,50,15360,3,3,200,550,Санкт-Петербург,550.0
1492,smart,7,517,19,15,500,50,15360,3,3,200,550,Санкт-Петербург,601.0
1492,smart,8,603,15,20,500,50,15360,3,3,200,550,Санкт-Петербург,1859.0
1492,smart,9,694,10,21,500,50,15360,3,3,200,550,Санкт-Петербург,2332.0
1492,smart,10,619,21,25,500,50,15360,3,3,200,550,Санкт-Петербург,2907.0
1492,smart,11,510,13,17,500,50,15360,3,3,200,550,Санкт-Петербург,980.0
1492,smart,12,781,19,25,500,50,15360,3,3,200,550,Санкт-Петербург,3393.0
1493,ultra,11,173,16,12,3000,1000,30720,1,1,150,1950,Красноярск,1950.0
1493,ultra,12,571,78,42,3000,1000,30720,1,1,150,1950,Красноярск,3750.0
1494,smart,8,262,0,7,500,50,15360,3,3,200,550,Омск,550.0
1494,smart,9,501,0,17,500,50,15360,3,3,200,550,Омск,953.0
1494,smart,10,354,0,18,500,50,15360,3,3,200,550,Омск,1150.0
1494,smart,11,411,0,18,500,50,15360,3,3,200,550,Омск,1150.0
1494,smart,12,418,0,18,500,50,15360,3,3,200,550,Омск,1150.0
1495,ultra,8,92,13,3,3000,1000,30720,1,1,150,1950,Иркутск,1950.0
1495,ultra,9,813,82,33,3000,1000,30720,1,1,150,1950,Иркутск,2400.0
1495,ultra,10,1030,82,29,3000,1000,30720,1,1,150,1950,Иркутск,1950.0
1495,ultra,11,954,79,39,3000,1000,30720,1,1,150,1950,Иркутск,3300.0
1495,ultra,12,1031,84,23,3000,1000,30720,1,1,150,1950,Иркутск,1950.0
1496,smart,1,48,9,4,500,50,15360,3,3,200,550,Вологда,550.0
1496,smart,2,594,45,28,500,50,15360,3,3,200,550,Вологда,3432.0
1496,smart,3,557,46,25,500,50,15360,3,3,200,550,Вологда,2721.0
1496,smart,4,521,49,21,500,50,15360,3,3,200,550,Вологда,1813.0
1496,smart,5,484,40,24,500,50,15360,3,3,200,550,Вологда,2350.0
1496,smart,6,555,35,20,500,50,15360,3,3,200,550,Вологда,1715.0
1496,smart,7,582,42,24,500,50,15360,3,3,200,550,Вологда,2596.0
1496,smart,8,527,41,23,500,50,15360,3,3,200,550,Вологда,2231.0
1496,smart,9,486,29,27,500,50,15360,3,3,200,550,Вологда,2950.0
1496,smart,10,450,35,28,500,50,15360,3,3,200,550,Вологда,3150.0
1496,smart,11,662,46,25,500,50,15360,3,3,200,550,Вологда,3036.0
1496,smart,12,518,51,21,500,50,15360,3,3,200,550,Вологда,1807.0
1497,smart,10,490,20,12,500,50,15360,3,3,200,550,Челябинск,550.0
1497,smart,11,371,14,14,500,50,15360,3,3,200,550,Челябинск,550.0
1497,smart,12,545,17,20,500,50,15360,3,3,200,550,Челябинск,1685.0
1498,smart,7,175,20,8,500,50,15360,3,3,200,550,Владикавказ,550.0
1498,smart,8,400,62,24,500,50,15360,3,3,200,550,Владикавказ,2386.0
1498,smart,9,471,44,22,500,50,15360,3,3,200,550,Владикавказ,1950.0
1498,smart,10,247,42,21,500,50,15360,3,3,200,550,Владикавказ,1750.0
1499,smart,9,70,11,2,500,50,15360,3,3,200,550,Пермь,550.0
1499,smart,10,449,48,18,500,50,15360,3,3,200,550,Пермь,1150.0
1499,smart,11,612,59,18,500,50,15360,3,3,200,550,Пермь,1513.0
1499,smart,12,492,66,13,500,50,15360,3,3,200,550,Пермь,598.0
